,Year,Wheat Yield,Mean Temperature,Max Temperature,Min Temperature,Precipitation,Hectares Planted,Region,Region_New South Wales,Region_Queensland,Region_South Australia,Region_Victoria,Region_Western Australia
1,1901,0.700996678,0.7897033158813267,0.8219284603421458,0.7174119885823025,0.16944689233321233,0.005683845134812848,Western Australia,0.0,0.0,0.0,0.0,1.0
2,1901,0.594928956,0.10820244328097733,0.1508553654743388,0.05233111322549949,0.49558861645326835,0.1582165219096711,Victoria,0.0,0.0,0.0,1.0,0.0
3,1901,0.710687762,0.40837696335078555,0.488335925349922,0.2930542340627972,0.31511067337100196,0.12000090786331846,New South Wales,1.0,0.0,0.0,0.0,0.0
5,1901,1.012461059,0.8961605584642236,0.8903576982892689,0.8648905803996192,0.47977813488155097,0.006071820911933146,Queensland,0.0,1.0,0.0,0.0,0.0
6,1901,0.39532481,0.5287958115183248,0.5909797822706063,0.4310180780209324,0.06117878803587162,0.1500496318012881,South Australia,0.0,0.0,1.0,0.0,0.0
7,1902,0.678851175,0.7713787085514837,0.8110419906687402,0.6917221693625117,0.18432429630397593,0.007274545821006173,Western Australia,0.0,0.0,0.0,0.0,1.0
8,1902,1.303116147,0.9048865619546249,0.9440124416796265,0.819219790675547,0.18000103675288992,0.006692582155325699,Queensland,0.0,1.0,0.0,0.0,0.0
9,1902,0.308815193,0.5305410122164049,0.6026438569206842,0.4205518553758324,0.039064848893266335,0.13672266385720475,South Australia,0.0,0.0,1.0,0.0,0.0
11,1902,0.715299965,0.40750436300174525,0.5256609642301708,0.24738344433872503,0.19171634440931,0.10913758610394919,New South Wales,1.0,0.0,0.0,0.0,0.0
13,1902,0.464929577,0.1029668411867366,0.16329704510108844,0.026641294005708804,0.39558343268881857,0.13757621056686947,Victoria,0.0,0.0,0.0,1.0,0.0
14,1903,0.244589051,0.47905759162303674,0.5419906687402798,0.38154138915318725,0.13619822715255817,0.13697484811233296,South Australia,0.0,0.0,1.0,0.0,0.0
15,1903,0.086606368,0.07068062827225136,0.09409020217729369,0.03996194100856326,0.6359545902234203,0.15641243454606155,Victoria,0.0,0.0,0.0,1.0,0.0
18,1903,0.25,0.8708551483420597,0.869362363919129,0.836346336822074,0.6759732517754393,0.0,Queensland,0.0,1.0,0.0,0.0,0.0
19,1903,0.71657754,0.7609075043630019,0.7822706065318816,0.7031398667935298,0.22427038515369863,0.0070999567213020365,Western Australia,0.0,0.0,0.0,0.0,1.0
20,1903,0.083220699,0.3630017452006983,0.4377916018662518,0.2568981921979067,0.4523145508268104,0.10031113717446163,New South Wales,1.0,0.0,0.0,0.0,0.0
21,1904,0.913978495,0.7713787085514837,0.7884914463452564,0.7193149381541387,0.2276294645171323,0.010669333870809095,Western Australia,0.0,0.0,0.0,0.0,1.0
22,1904,0.974394377,0.07329842931937186,0.10886469673405896,0.028544243577545203,0.5344668498263438,0.15439496050503582,Victoria,0.0,0.0,0.0,1.0,0.0
23,1904,1.177429566,0.35427574171029674,0.4440124416796265,0.22930542340627963,0.3706702607433518,0.12240635768146452,New South Wales,1.0,0.0,0.0,0.0,0.0
24,1904,1.186046512,0.8586387434554976,0.8530326594090201,0.8296860133206467,0.5121766626924472,0.010688732659665134,Queensland,0.0,1.0,0.0,0.0,0.0
27,1904,0.518844765,0.479930191972077,0.5443234836702955,0.38154138915318725,0.14045928153024725,0.13418142251706655,South Australia,0.0,0.0,1.0,0.0,0.0
28,1905,0.743554953,0.7748691099476441,0.8094867807153963,0.6993339676498572,0.165413923591312,0.014141717076036064,Western Australia,0.0,0.0,0.0,0.0,1.0
29,1905,0.957446809,0.8612565445026179,0.8856920684292376,0.7963843958135108,0.32229537089834637,0.011697469680177985,Queensland,0.0,1.0,0.0,0.0,0.0
31,1905,0.439102994,0.4712041884816755,0.5388802488335924,0.37012369172216925,0.04981597636203411,0.14430759029990722,South Australia,0.0,0.0,1.0,0.0,0.0
33,1905,0.622762287,0.04624781849912751,0.0793157076205287,0.004757373929590858,0.5691773365818258,0.17864344657505654,Victoria,0.0,0.0,0.0,1.0,0.0
34,1905,0.623486851,0.3333333333333336,0.4237947122861585,0.21027592768791625,0.3441086517028666,0.1392639051973429,New South Wales,1.0,0.0,0.0,0.0,0.0
36,1906,0.719072493,0.3795811518324608,0.45489891135303245,0.2721217887725975,0.48164429008345855,0.15210590342002586,New South Wales,1.0,0.0,0.0,0.0,0.0
37,1906,0.760591956,0.09685863874345563,0.11430793157076191,0.07231208372978115,0.6625369343217044,0.16238726151371463,Victoria,0.0,0.0,0.0,1.0,0.0
38,1906,0.795944233,0.8376963350785341,0.8615863141524104,0.7735490009514746,0.15233010212015963,0.015150454096548915,Western Australia,0.0,0.0,0.0,0.0,1.0
39,1906,0.770496414,0.5514834205933685,0.6096423017107309,0.4586108468125593,0.12160074646208074,0.13778959724428563,South Australia,0.0,0.0,1.0,0.0,0.0
41,1906,0.639751553,0.8935427574171031,0.8981337480559872,0.8515699333967647,0.7168005805816183,0.009214424706607827,Queensland,0.0,1.0,0.0,0.0,0.0
42,1907,0.650862069,0.835078534031414,0.8608087091757384,0.7687916270218838,0.5574827639832045,0.008845847718343514,Queensland,0.0,1.0,0.0,0.0,0.0
43,1907,0.696117216,0.4956369982547995,0.5699844479004663,0.38534728829686005,0.09574412938676063,0.1322415436314649,South Australia,0.0,0.0,1.0,0.0,0.0
44,1907,0.78628178,0.3638743455497383,0.46267496111975104,0.22835394862036146,0.3494686641439013,0.14634446312978894,New South Wales,1.0,0.0,0.0,0.0,0.0
45,1907,0.748631886,0.07940663176265272,0.13141524105754254,0.013320647002854402,0.4629723705354828,0.15936105045217608,Victoria,0.0,0.0,0.0,1.0,0.0
48,1907,0.740375123,0.7888307155322865,0.8227060653188178,0.7155090390104661,0.2316416982012337,0.019495782800296624,Western Australia,0.0,0.0,0.0,0.0,1.0
49,1908,0.440535117,0.11082024432809784,0.13063763608087087,0.08182683158896281,0.4641024311855269,0.14485075638787567,Victoria,0.0,0.0,0.0,1.0,0.0
50,1908,0.442707408,0.35340314136125683,0.4346811819595645,0.23882017126546135,0.38514333108703536,0.1090405921596691,New South Wales,1.0,0.0,0.0,0.0,0.0
52,1908,0.733408482,0.4895287958115185,0.5567651632970447,0.38725023786869633,0.14776838940438547,0.1375180142003014,South Australia,0.0,0.0,1.0,0.0,0.0
53,1908,0.565868263,0.8054101221640492,0.8304821150855365,0.7411988582302568,0.589715411331709,0.006324005167061386,Queensland,0.0,1.0,0.0,0.0,0.0
55,1908,0.703180212,0.7382198952879582,0.7737169517884913,0.6650808753568028,0.23151728785443987,0.02180423867416259,Western Australia,0.0,0.0,0.0,0.0,1.0
57,1909,0.882132445,0.02443280977312401,0.02721617418351452,0.020932445290199775,0.6411383546731636,0.13957428581903916,Victoria,0.0,0.0,0.0,1.0,0.0
59,1909,1.0,0.8280977312390927,0.8522550544323482,0.764034253092293,0.5508786480742316,0.006188213645069274,Queensland,0.0,1.0,0.0,0.0,0.0
60,1909,0.769769478,0.46596858638743477,0.5349922239502332,0.36156041864890576,0.10479498211601262,0.1328041085082894,South Australia,0.0,0.0,1.0,0.0,0.0
61,1909,0.746898263,0.30541012216404906,0.36625194401244143,0.2197906755470979,0.4126380177284744,0.10929277641479732,New South Wales,1.0,0.0,0.0,0.0,0.0
62,1909,0.580225499,0.7600349040139617,0.7838258164852253,0.6993339676498572,0.24201959462962,0.022211613240138928,Western Australia,0.0,0.0,0.0,0.0,1.0
64,1910,0.838745184,0.8027923211169287,0.8304821150855365,0.7354900095147476,0.198040537037997,0.035092409040533956,Western Australia,0.0,0.0,0.0,0.0,1.0
66,1910,0.922940969,0.09511343804537536,0.09797822706065296,0.0894386298763083,0.6172619356176455,0.16448233071016444,Victoria,0.0,0.0,0.0,1.0,0.0
67,1910,0.891032325,0.5139616055846425,0.5793157076205286,0.41198858230256885,0.16624332590327096,0.14867231779251094,South Australia,0.0,0.0,1.0,0.0,0.0
68,1910,0.900843882,0.8499127399650961,0.8592534992223948,0.8020932445290196,0.7280908195531595,0.00903983560690369,Queensland,0.0,1.0,0.0,0.0,0.0
69,1910,0.964117209,0.3630017452006983,0.41757387247278355,0.28163653663177923,0.42294334145456425,0.15608265513550929,New South Wales,1.0,0.0,0.0,0.0,0.0
71,1911,0.88183401,0.33856893542757427,0.39657853810264365,0.25499524262607026,0.48836244881032603,0.16696537568373454,New South Wales,1.0,0.0,0.0,0.0,0.0
72,1911,0.643518519,0.8211169284467716,0.8569206842923793,0.743101807802093,0.6207039552122751,0.008225086474951016,Queensland,0.0,1.0,0.0,0.0,0.0
73,1911,0.777412538,0.5078534031413615,0.5699844479004663,0.41198858230256885,0.07350577989736146,0.16508369316470095,South Australia,0.0,0.0,1.0,0.0,0.0
75,1911,0.681104034,0.7958115183246074,0.8297045101088645,0.7212178877259751,0.12164221657767871,0.04552895744507085,Western Australia,0.0,0.0,0.0,0.0,1.0
76,1911,0.976300876,0.0689354275741711,0.06143079315707611,0.07611798287345384,0.6436472966668394,0.1881100555367926,Victoria,0.0,0.0,0.0,1.0,0.0
78,1912,0.70873988,0.393542757417103,0.4657853810264384,0.2901998097050428,0.3367580737131305,0.18673274152801544,New South Wales,1.0,0.0,0.0,0.0,0.0
79,1912,0.448275862,0.8926701570680631,0.9222395023328148,0.8182683158896289,0.37942045513451866,0.0032201989500987294,Queensland,0.0,1.0,0.0,0.0,0.0
81,1912,0.478805006,0.8385689354275744,0.8662519440124414,0.7706945765937201,0.16152610025400443,0.04789560968550488,Western Australia,0.0,0.0,0.0,0.0,1.0
82,1912,0.649234985,0.08464223385689362,0.09797822706065296,0.06470028544243572,0.5058939401793582,0.1697394024901449,Victoria,0.0,0.0,0.0,1.0,0.0
83,1912,0.62440785,0.529668411867365,0.5972006220839813,0.4253092293054233,0.09279975117930639,0.17183447168659471,South Australia,0.0,0.0,1.0,0.0,0.0
84,1913,0.694748099,0.49825479930191974,0.5676516329704507,0.39200761179828725,0.0961173604271422,0.16310501670138727,South Australia,0.0,0.0,1.0,0.0,0.0
86,1913,0.77694704,0.7870855148342062,0.8141524105754275,0.7221693625118932,0.1823129956974755,0.06211492191696502,Western Australia,0.0,0.0,0.0,0.0,1.0
87,1913,0.845716317,0.07417102966841199,0.08786936236391901,0.05518553758325406,0.5310559328184128,0.16355118884507563,Victoria,0.0,0.0,0.0,1.0,0.0
88,1913,0.979072085,0.3699825479930193,0.43157076205287687,0.28068506184586106,0.40811777512829817,0.17503527184783746,New South Wales,1.0,0.0,0.0,0.0,0.0
89,1913,1.061264822,0.8115183246073302,0.8374805598755831,0.7459562321598475,0.6729563008656887,0.009660596850296244,Queensland,0.0,1.0,0.0,0.0,0.0
91,1914,0.797641073,0.4729493891797557,0.5256609642301708,0.3891531874405326,0.37196620185578766,0.25148589872939875,New South Wales,1.0,0.0,0.0,0.0,0.0
92,1914,0.816666667,0.8542757417102969,0.874805598755832,0.7944814462416745,0.2032968741900368,0.0859754322098654,Western Australia,0.0,0.0,0.0,0.0,1.0
94,1914,0.895716946,0.8865619546247822,0.8872472783825813,0.8487155090390104,0.5283811103623451,0.010261959304832757,Queensland,0.0,1.0,0.0,0.0,0.0
95,1914,0.501961212,0.5959860383944154,0.6594090202177291,0.49381541389153183,0.052231610595614486,0.17788689380967188,South Australia,0.0,0.0,1.0,0.0,0.0
96,1914,0.863251156,0.16841186736474711,0.1990668740279936,0.12464319695528064,0.30893162614690783,0.20128183317002785,Victoria,0.0,0.0,0.0,1.0,0.0
98,1915,0.092595789,0.08027923211169286,0.08631415241057533,0.07040913415794475,0.5136384842672749,0.2246379749526718,Victoria,0.0,0.0,0.0,1.0,0.0
99,1915,0.31287519,0.4136125654450262,0.4758942457231724,0.32159847764034244,0.26292053289098544,0.2163546921111527,New South Wales,1.0,0.0,0.0,0.0,0.0
100,1915,0.128209732,0.8307155322862132,0.8374805598755831,0.7868696479543291,0.29245762272562337,0.1078766648283081,Western Australia,0.0,0.0,0.0,0.0,1.0
103,1915,0.094687994,0.5462478184991275,0.6057542768273716,0.45195052331113206,0.0437302368980354,0.19631574322288764,South Australia,0.0,0.0,1.0,0.0,0.0
104,1915,0.838521401,0.9450261780104714,0.9751166407465006,0.86964795432921,0.2545020994246021,0.00981578716114434,Queensland,0.0,1.0,0.0,0.0,0.0
106,1916,0.706754061,0.7993019197207683,0.8227060653188178,0.7383444338725021,0.2316624332590327,0.1359855098806761,Western Australia,0.0,0.0,0.0,0.0,1.0
107,1916,1.071849929,0.35253054101221654,0.38646967340590965,0.29781160799238815,0.5700689440671816,0.32869307837634465,New South Wales,1.0,0.0,0.0,0.0,0.0
108,1916,0.298153034,0.8682373472949392,0.8545878693623638,0.8487155090390104,0.676947799491991,0.007196950665582125,Queensland,0.0,1.0,0.0,0.0,0.0
110,1916,0.837618403,0.49389179755671925,0.5505443234836701,0.4043767840152234,0.1570576952983256,0.21488038415809546,South Australia,0.0,0.0,1.0,0.0,0.0
111,1916,1.069500403,0.05497382198952888,0.05209953343701379,0.05708848715509035,0.7418277953449794,0.2887315733329505,Victoria,0.0,0.0,0.0,1.0,0.0
112,1917,1.100798482,0.05410122164048875,0.02721617418351452,0.08468125594671738,0.7784148048312685,0.24522008992890537,Victoria,0.0,0.0,0.0,1.0,0.0
113,1917,0.690851735,0.7338568935427576,0.7496111975116637,0.6831588962892481,0.2948214193147063,0.12283313103629687,Western Australia,0.0,0.0,0.0,0.0,1.0
114,1917,0.726681128,0.7809773123909252,0.791601866251944,0.7354900095147476,0.7125291586750298,0.017730493014399107,Queensland,0.0,1.0,0.0,0.0,0.0
117,1917,1.10663465,0.46858638743455494,0.5256609642301708,0.37963843958135096,0.1803950028510704,0.2179647915862021,South Australia,0.0,0.0,1.0,0.0,0.0
118,1917,0.64654333,0.31239092495637,0.35614307931570743,0.24548049476688855,0.5471981753149137,0.29868315201608703,New South Wales,1.0,0.0,0.0,0.0,0.0
119,1918,0.818630022,0.517452006980803,0.583203732503888,0.41674595623215976,0.052698149396091465,0.18477346385355775,South Australia,0.0,0.0,1.0,0.0,0.0
120,1918,0.761763396,0.3446771378708553,0.41601866251943986,0.24357754519505226,0.2964180187652273,0.26122409073511904,New South Wales,1.0,0.0,0.0,0.0,0.0
122,1918,0.943326904,0.08376963350785349,0.08398133748055969,0.08182683158896281,0.5747965372453475,0.21103942396460418,Victoria,0.0,0.0,0.0,1.0,0.0
123,1918,0.545454545,0.7923211169284469,0.8382581648522548,0.7031398667935298,0.5474780985951998,0.009873983527712404,Queensland,0.0,1.0,0.0,0.0,0.0
125,1918,0.500395413,0.8141361256544504,0.8359253499222394,0.7535680304471929,0.251858379555233,0.09796388372288364,Western Australia,0.0,0.0,0.0,0.0,1.0
127,1919,0.76645838,0.13263525305410134,0.16251944012441671,0.09134157944814458,0.4887564149085065,0.17369675541677232,Victoria,0.0,0.0,0.0,1.0,0.0
128,1919,0.318181818,0.8717277486910997,0.9020217729393466,0.7982873453853472,0.3023793478824322,0.0015519031084813006,Queensland,0.0,1.0,0.0,0.0,0.0
130,1919,0.511382281,0.4467713787085515,0.5272161741835145,0.3292102759276878,0.2511637551189674,0.18902179861302537,New South Wales,1.0,0.0,0.0,0.0,0.0
131,1919,0.705131103,0.5575916230366496,0.6259720062208395,0.45004757373929577,0.06821834015862316,0.1714852934871864,South Australia,0.0,0.0,1.0,0.0,0.0
132,1919,0.518758085,0.8254799301919722,0.8460342146189734,0.7659372026641292,0.19137421595562698,0.08981639240335668,Western Australia,0.0,0.0,0.0,0.0,1.0
133,1920,0.52256989,0.49214659685863904,0.5575427682737167,0.39200761179828725,0.18412731325488568,0.15111656518836902,South Australia,0.0,0.0,1.0,0.0,0.0
135,1920,0.520932629,0.07853403141361259,0.08475894245723165,0.06850618458610841,0.5912187030221346,0.15043760757840843,Victoria,0.0,0.0,0.0,1.0,0.0
136,1920,0.72414611,0.7958115183246074,0.8203732503888022,0.7326355851569932,0.1968379036856565,0.08163010350611768,Western Australia,0.0,0.0,0.0,0.0,1.0
137,1920,0.200134093,0.33944153577661457,0.38646967340590965,0.26736441484300655,0.47258306982530707,0.11557798400414668,New South Wales,1.0,0.0,0.0,0.0,0.0
138,1920,0.45212766,0.8420593368237349,0.8219284603421458,0.8315889628924831,0.6587735213311907,0.003491781994082954,Queensland,0.0,1.0,0.0,0.0,0.0
141,1921,1.19619153,0.3926701570680631,0.4323483670295488,0.3292102759276878,0.5951272614172411,0.24535588145089748,New South Wales,1.0,0.0,0.0,0.0,0.0
142,1921,1.403899721,0.8525305410122166,0.8219284603421458,0.8544243577545193,0.674604737960707,0.013773140087771751,Queensland,0.0,1.0,0.0,0.0,0.0
143,1921,1.15617264,0.1343804537521816,0.1407465007776048,0.1227402473834443,0.6226219480586801,0.18007895695040177,Victoria,0.0,0.0,0.0,1.0,0.0
144,1921,0.645167538,0.829842931937173,0.8483670295489888,0.7716460513796384,0.22667565185837957,0.10000075655276539,Western Australia,0.0,0.0,0.0,0.0,1.0
145,1921,1.062243502,0.5479930191972077,0.6073094867807153,0.45290199809705023,0.1772951117101239,0.17001098553412916,South Australia,0.0,0.0,1.0,0.0,0.0
148,1922,1.129838175,0.08726003490401396,0.1111975116640746,0.05518553758325406,0.48602975480794147,0.2048318115306789,Victoria,0.0,0.0,0.0,1.0,0.0
149,1922,1.235735736,0.8464223385689357,0.8856920684292376,0.7621313035204564,0.4429734072883728,0.0127644030672589,Queensland,0.0,1.0,0.0,0.0,0.0
151,1922,0.900154679,0.387434554973822,0.4758942457231724,0.26260704091341563,0.27867917681820537,0.250671149597446,New South Wales,1.0,0.0,0.0,0.0,0.0
152,1922,0.69933432,0.791448516579407,0.8219284603421458,0.7202664129400569,0.20340054947903163,0.10475345982248943,Western Australia,0.0,0.0,0.0,0.0,1.0
153,1922,0.703254561,0.5095986038394418,0.5909797822706063,0.39010466222645096,0.08051422943341452,0.18700432457199967,South Australia,0.0,0.0,1.0,0.0,0.0
154,1923,0.599777212,0.8080279232111693,0.8320373250388802,0.7450047573739293,0.2478357783422321,0.12174679886035994,Western Australia,0.0,0.0,0.0,0.0,1.0
156,1923,0.867572156,0.8551483420593371,0.9004665629860029,0.764034253092293,0.2929863666994972,0.011270696325345608,Queensland,0.0,1.0,0.0,0.0,0.0
157,1923,0.78857776,0.5261780104712042,0.6065318818040433,0.40627973358705993,0.08366595821885858,0.1924359854516843,South Australia,0.0,0.0,1.0,0.0,0.0
158,1923,0.907859079,0.07853403141361259,0.08864696734059069,0.06374881065651761,0.5885542480949665,0.2074312492373851,Victoria,0.0,0.0,0.0,1.0,0.0
160,1923,0.655134772,0.3944153577661433,0.4657853810264384,0.29210275927687906,0.29417863252293813,0.23086498617545312,New South Wales,1.0,0.0,0.0,0.0,0.0
161,1924,0.31884058,0.829842931937173,0.8413685847589422,0.7811607992388201,0.6501995749313151,0.0038603589823472673,Queensland,0.0,1.0,0.0,0.0,0.0
162,1924,0.960253397,0.43891797556719025,0.5334370139968895,0.3054234062797335,0.08029651132652532,0.189700756222986,South Australia,0.0,0.0,1.0,0.0,0.0
164,1924,0.76748695,0.7940663176265271,0.8398133748055985,0.704091341579448,0.0857083614120574,0.12991368896874292,Western Australia,0.0,0.0,0.0,0.0,1.0
165,1924,0.757529994,0.2975567190226878,0.36314152410575407,0.20551855375832528,0.47049919651651023,0.2310589740640133,New South Wales,1.0,0.0,0.0,0.0,0.0
166,1924,1.035746652,0.0,0.0,0.0009514747859181716,0.7001606966979419,0.19249418181825234,Victoria,0.0,0.0,0.0,1.0,0.0
168,1925,0.859618947,0.7705061082024434,0.801710730948678,0.7012369172216935,0.20774454408791668,0.14646085586292504,Western Australia,0.0,0.0,0.0,0.0,1.0
169,1925,0.988235294,0.8115183246073302,0.8429237947122861,0.7402473834443386,0.49613809548494114,0.014684883164004514,Queensland,0.0,1.0,0.0,0.0,0.0
170,1925,0.820796679,0.486038394415358,0.5653188180404354,0.36917221693625113,0.04398942512052256,0.19610235654547142,South Australia,0.0,0.0,1.0,0.0,0.0
171,1925,1.177475338,0.050610820244328114,0.06842923794712275,0.028544243577545203,0.4461769737183143,0.21222275008482122,Victoria,0.0,0.0,0.0,1.0,0.0
172,1925,1.132177908,0.3228621291448518,0.3810264385692067,0.23786869647954317,0.3905137110569695,0.2785472091835418,New South Wales,1.0,0.0,0.0,0.0,0.0
175,1926,0.651456651,0.8158813263525306,0.8398133748055985,0.7516650808753567,0.24679902545228344,0.16564625804152544,Western Australia,0.0,0.0,0.0,0.0,1.0
177,1926,0.782736925,0.08987783595113447,0.10419906687402791,0.06850618458610841,0.5132756207557928,0.19716928993255234,Victoria,0.0,0.0,0.0,1.0,0.0
179,1926,0.799107143,0.9197207678883074,0.9486780715396577,0.8458610846812558,0.2815613498522627,0.012880795800394973,Queensland,0.0,1.0,0.0,0.0,0.0
180,1926,0.779715374,0.5034904013961607,0.5909797822706063,0.3748810656517602,0.08073194754030377,0.19340592489448513,South Australia,0.0,0.0,1.0,0.0,0.0
181,1926,0.777223959,0.37609075043630025,0.4331259720062205,0.2901998097050428,0.40669742366906847,0.22946827337781994,New South Wales,1.0,0.0,0.0,0.0,0.0
182,1927,0.81220567,0.8071553228621294,0.8250388802488335,0.7516650808753567,0.23745788191384581,0.2016892077360042,Western Australia,0.0,0.0,0.0,0.0,1.0
185,1927,1.081539244,0.06282722513089012,0.10342146189735596,0.011417697431018115,0.3881188118811881,0.22871172061243528,Victoria,0.0,0.0,0.0,1.0,0.0
186,1927,0.86326312,0.4973821989528797,0.5808709175738723,0.37583254043767833,0.0378414804831268,0.21718884003196143,South Australia,0.0,0.0,1.0,0.0,0.0
187,1927,0.95364092,0.32984293193717273,0.41835147744945556,0.20932445290199808,0.2914727074801721,0.2630475768875846,New South Wales,1.0,0.0,0.0,0.0,0.0
188,1927,0.445887446,0.8472949389179756,0.8701399688958007,0.7840152235965745,0.5053444611476854,0.0043259299148916686,Queensland,0.0,1.0,0.0,0.0,0.0
189,1928,1.182758621,0.8944153577661433,0.9105754276827369,0.836346336822074,0.44342957855995013,0.016721755993886256,Queensland,0.0,1.0,0.0,0.0,0.0
190,1928,0.815245159,0.8228621291448519,0.8631415241057541,0.7392959086584204,0.1505572546783474,0.23524911245691288,Western Australia,0.0,0.0,0.0,0.0,1.0
192,1928,0.549899194,0.5383944153577662,0.6321928460342144,0.40247383444338714,0.024094137162407325,0.23076799223117303,South Australia,0.0,0.0,1.0,0.0,0.0
193,1928,0.600228348,0.3900523560209425,0.4587869362363918,0.2901998097050428,0.4224768026540874,0.23771275864162697,New South Wales,1.0,0.0,0.0,0.0,0.0
194,1928,0.574193548,0.09162303664921473,0.10342146189735596,0.07516650808753567,0.5956352703333161,0.24038979150375725,Victoria,0.0,0.0,0.0,1.0,0.0
196,1929,0.809932334,0.3324607329842933,0.4121306376360806,0.22074215033301609,0.33471567051993156,0.32093356283393804,New South Wales,1.0,0.0,0.0,0.0,0.0
197,1929,0.774631937,0.8307155322862132,0.869362363919129,0.747859181731684,0.4752578922813747,0.016973940249014496,Queensland,0.0,1.0,0.0,0.0,0.0
198,1929,0.679255044,0.7600349040139617,0.7970451010886469,0.6841103710751664,0.1654864962936084,0.262329821699912,Western Australia,0.0,0.0,0.0,0.0,1.0
199,1929,0.846644518,0.02443280977312401,0.043545878693623474,0.0,0.48414286454823496,0.29179658197220115,Victoria,0.0,0.0,0.0,1.0,0.0
200,1929,0.523307516,0.45724258289703323,0.5396578538102641,0.33777354900095136,0.011497589549530896,0.27034152149744684,South Australia,0.0,0.0,1.0,0.0,0.0
203,1930,1.394673123,0.829842931937173,0.8304821150855365,0.7944814462416745,0.5858068529366025,0.015868209284221557,Queensland,0.0,1.0,0.0,0.0,0.0
206,1930,0.430391758,0.56195462478185,0.6314152410575425,0.45385347288296857,0.09908247369239542,0.28605454047082024,South Australia,0.0,0.0,1.0,0.0,0.0
207,1930,0.47921286,0.11431064572425836,0.1290824261275269,0.09229305423406275,0.5785599502358613,0.2798081304591829,Victoria,0.0,0.0,0.0,1.0,0.0
208,1930,0.582265887,0.3830715532286215,0.42690513219284587,0.31493815413891524,0.4257529417863252,0.31181613207161024,New South Wales,1.0,0.0,0.0,0.0,0.0
209,1930,0.736149584,0.835078534031414,0.8538102643856917,0.7773549000951472,0.20395002851070446,0.27996332077003105,Western Australia,0.0,0.0,0.0,0.0,1.0
210,1931,1.260435572,0.8961605584642236,0.9035769828926903,0.8487155090390104,0.42682079726297234,0.021222275008482117,Queensland,0.0,1.0,0.0,0.0,0.0
211,1931,0.786742587,0.03403141361256545,0.02721617418351452,0.04186489058039955,0.6360478979835156,0.3609726630327562,Victoria,0.0,0.0,0.0,1.0,0.0
212,1931,0.560645466,0.46335078534031426,0.5248833592534992,0.36917221693625113,0.10297029702970295,0.32803351955524007,South Australia,0.0,0.0,1.0,0.0,0.0
213,1931,0.909051159,0.7521815008726004,0.7729393468118193,0.6964795432921026,0.21488777149966307,0.31040002048512105,Western Australia,0.0,0.0,0.0,0.0,1.0
215,1931,0.86280077,0.3263525305410123,0.3716951788491444,0.258801141769743,0.5248768855943186,0.40295164211717605,New South Wales,1.0,0.0,0.0,0.0,0.0
217,1932,0.88344806,0.8106457242582898,0.8390357698289268,0.7411988582302568,0.18966357368721162,0.24783892642446761,Western Australia,0.0,0.0,0.0,0.0,1.0
219,1932,0.79389452,0.486038394415358,0.5489891135303264,0.3891531874405326,0.11913327458400291,0.31947865366973677,South Australia,0.0,0.0,1.0,0.0,0.0
220,1932,1.003690284,0.36212914485165804,0.42612752721617386,0.2683158896289247,0.3662329583743714,0.2889643587992227,New South Wales,1.0,0.0,0.0,0.0,0.0
222,1932,1.043694141,0.8769633507853407,0.8989113530326592,0.8135109419600379,0.32417189362915344,0.01937939006716055,Queensland,0.0,1.0,0.0,0.0,0.0
223,1932,0.791282655,0.05410122164048875,0.05443234836702948,0.05233111322549949,0.6264579337514904,0.2797887316703269,Victoria,0.0,0.0,0.0,1.0,0.0
225,1933,1.104109871,0.35514834205933704,0.4121306376360806,0.2721217887725975,0.42289150381006685,0.3769766638389699,New South Wales,1.0,0.0,0.0,0.0,0.0
226,1933,0.701239519,0.480802792321117,0.555987558320373,0.36822074215033296,0.062412523974910594,0.31911007668147245,South Australia,0.0,0.0,1.0,0.0,0.0
227,1933,0.82867974,0.7949389179755675,0.8211508553654742,0.7297811607992386,0.1778031206261987,0.26593799642713106,Western Australia,0.0,0.0,0.0,0.0,1.0
228,1933,0.995869981,0.05846422338568935,0.07153965785381011,0.040913415794481434,0.5578974651391841,0.2534839739815684,Victoria,0.0,0.0,0.0,1.0,0.0
230,1933,0.669960474,0.8568935427574174,0.8460342146189734,0.8344433872502377,0.5976465709398164,0.01947638401144064,Queensland,0.0,1.0,0.0,0.0,0.0
231,1934,0.622098662,0.5392670157068065,0.608087091757387,0.43387250237868685,0.0526566792804935,0.29988587692516006,South Australia,0.0,0.0,1.0,0.0,0.0
233,1934,0.787688247,0.7870855148342062,0.801710730948678,0.7364414843006658,0.24116945725986208,0.24974000773235724,Western Australia,0.0,0.0,0.0,0.0,1.0
235,1934,1.263045793,0.8525305410122166,0.8506998444790044,0.819219790675547,0.4964076512363278,0.018060272424951396,Queensland,0.0,1.0,0.0,0.0,0.0
236,1934,0.938648321,0.10820244328097733,0.11197511664074628,0.09990485252140813,0.6933077600953812,0.2395168460052365,Victoria,0.0,0.0,0.0,1.0,0.0
237,1934,0.837043825,0.35165794066317624,0.4043545878693623,0.2730732635585157,0.5299777098128661,0.3597117417571152,New South Wales,1.0,0.0,0.0,0.0,0.0
238,1935,0.578547625,0.49214659685863904,0.5544323483670294,0.3958135109419599,0.0882795085791302,0.2501473822983336,South Australia,0.0,0.0,1.0,0.0,0.0
239,1935,1.236343367,0.8856893542757418,0.9152410575427682,0.8125594671741198,0.2818205380747499,0.01724552329299872,Queensland,0.0,1.0,0.0,0.0,0.0
240,1935,0.707035176,0.05933682373472965,0.06143079315707611,0.054234062797335836,0.5905137110569695,0.19286275880651665,Victoria,0.0,0.0,0.0,1.0,0.0
241,1935,0.84098267,0.3420593368237348,0.41601866251943986,0.23786869647954317,0.27176403504224766,0.3054339305379808,New South Wales,1.0,0.0,0.0,0.0,0.0
242,1935,0.656118709,0.7652705061082027,0.801710730948678,0.687916270218839,0.15044321186045304,0.21685906062140917,Western Australia,0.0,0.0,0.0,0.0,1.0
245,1936,1.086771587,0.06282722513089012,0.06920684292379442,0.05233111322549949,0.5935513970245192,0.1822710200911316,Victoria,0.0,0.0,0.0,1.0,0.0
246,1936,0.616806069,0.8394415357766143,0.8755832037325036,0.759276879162702,0.08607122492353947,0.19930315670671417,Western Australia,0.0,0.0,0.0,0.0,1.0
247,1936,0.754639175,0.8743455497382202,0.878693623639191,0.8315889628924831,0.6086879892177699,0.01866163487948791,Queensland,0.0,1.0,0.0,0.0,0.0
248,1936,0.710778641,0.5008726003490402,0.576205287713841,0.3882017126546145,0.06405059354102949,0.23453135726924024,South Australia,0.0,0.0,1.0,0.0,0.0
251,1936,0.85249583,0.35078534031413633,0.41601866251943986,0.2568981921979067,0.4441449380540148,0.302194332799026,New South Wales,1.0,0.0,0.0,0.0,0.0
252,1937,0.939942921,0.37434554973822004,0.44167962674961114,0.27783063748810644,0.34181742781608004,0.31251448847042684,New South Wales,1.0,0.0,0.0,0.0,0.0
254,1937,1.203675028,0.08464223385689362,0.10497667185069964,0.05708848715509035,0.47196101809133795,0.18776087733738434,Victoria,0.0,0.0,0.0,1.0,0.0
256,1937,0.562368068,0.8054101221640492,0.8367029548989111,0.7335870599429114,0.17177958633559687,0.20201898714655647,Western Australia,0.0,0.0,0.0,0.0,1.0
257,1937,0.63100913,0.5139616055846425,0.5785381026438566,0.41294005708848697,0.09332849515318026,0.23994361936006886,South Australia,0.0,0.0,1.0,0.0,0.0
258,1937,0.477351916,0.8656195462478187,0.8950233281492999,0.7935299714557562,0.39466072261676427,0.022114619295858895,Queensland,0.0,1.0,0.0,0.0,0.0
259,1938,0.92325127,0.5375218150087262,0.6026438569206842,0.43577545195052314,0.07248976206521174,0.2480523131018838,South Australia,0.0,0.0,1.0,0.0,0.0
260,1938,0.830030994,0.43455497382198977,0.493779160186625,0.34443387250237867,0.29445855580322433,0.35034212673965914,New South Wales,1.0,0.0,0.0,0.0,0.0
261,1938,1.206163753,0.11954624781849921,0.15396578538102612,0.07326355851569927,0.3284018454201441,0.21070964455405192,Victoria,0.0,0.0,0.0,1.0,0.0
263,1938,0.675944334,0.9275741710296685,0.9253499222395022,0.8905803996194097,0.43106111658286245,0.029117582072880843,Queensland,0.0,1.0,0.0,0.0,0.0
264,1938,0.804457871,0.8481675392670158,0.869362363919129,0.7868696479543291,0.14205588098076824,0.23744117559764275,Western Australia,0.0,0.0,0.0,0.0,1.0
267,1939,0.86616014,0.38394415357766154,0.4206842923794709,0.3235014272121788,0.4699289824270385,0.3649494147482396,New South Wales,1.0,0.0,0.0,0.0,0.0
269,1939,0.725581059,0.7905759162303667,0.8157076205287712,0.7269267364414841,0.19564563786221553,0.26776148257959664,Western Australia,0.0,0.0,0.0,0.0,1.0
270,1939,0.691079737,0.5209424083769635,0.5769828926905131,0.4300666032350142,0.15473536882484057,0.24167011156825435,South Australia,0.0,0.0,1.0,0.0,0.0
271,1939,0.442995864,0.09249563699825486,0.087091757387247,0.09609895337773539,0.7470426623814213,0.2155981393457681,Victoria,0.0,0.0,0.0,1.0,0.0
272,1939,1.305198435,0.8429319371727751,0.8382581648522548,0.8125594671741198,0.599471256026126,0.03454924295256548,Queensland,0.0,1.0,0.0,0.0,0.0
273,1940,1.071665793,0.08987783595113447,0.13452566096422985,0.03235014272121789,0.3507853403141361,0.2218057517796934,Victoria,0.0,0.0,0.0,1.0,0.0
275,1940,1.261433447,0.8795811518324609,0.8989113530326592,0.819219790675547,0.5661292830853766,0.028264035363216145,Queensland,0.0,1.0,0.0,0.0,0.0
276,1940,1.009487666,0.512216404886562,0.6119751166407462,0.36917221693625113,0.009185630604945316,0.2145312059586872,South Australia,0.0,0.0,1.0,0.0,0.0
277,1940,0.924548706,0.8246073298429322,0.8724727838258164,0.7326355851569932,0.12438961173604271,0.23303765052732697,Western Australia,0.0,0.0,0.0,0.0,1.0
278,1940,1.175203069,0.41972076788830726,0.5171073094867805,0.2835394862036155,0.1919651651028977,0.3437465385286135,New South Wales,1.0,0.0,0.0,0.0,0.0
280,1941,0.361386963,0.34554973821989526,0.4152410575427682,0.24738344433872503,0.3233010212015966,0.34950797881885043,New South Wales,1.0,0.0,0.0,0.0,0.0
283,1941,1.187260169,0.8176265270506109,0.8265940902021771,0.7725975261655564,0.6291431237364573,0.025121431568541464,Queensland,0.0,1.0,0.0,0.0,0.0
284,1941,0.468731905,0.493019197207679,0.5489891135303264,0.4034253092293053,0.1078741381991602,0.2008550598151955,South Australia,0.0,0.0,1.0,0.0,0.0
285,1941,0.340236686,0.06631762652705075,0.07231726283048207,0.05803996194100852,0.5666269244725519,0.20966210995582701,Victoria,0.0,0.0,0.0,1.0,0.0
286,1941,0.539105882,0.8106457242582898,0.8211508553654742,0.7630827783063747,0.18528847649162822,0.20595694128432784,Western Australia,0.0,0.0,0.0,0.0,1.0
287,1942,0.881746706,0.5392670157068065,0.5940902021772937,0.45099904852521394,0.13514073920481054,0.18242621040197976,South Australia,0.0,0.0,1.0,0.0,0.0
288,1942,0.821866633,0.4022687609075045,0.44479004665629845,0.3339676498572786,0.4464465294697009,0.3114087575056339,New South Wales,1.0,0.0,0.0,0.0,0.0
289,1942,1.145276931,0.11431064572425836,0.10419906687402791,0.12178877259752618,0.6327821263801773,0.21629649574458468,Victoria,0.0,0.0,0.0,1.0,0.0
290,1942,0.94989756,0.7731239092495639,0.7799377916018659,0.7326355851569932,0.3483075009071588,0.20814900442505774,Western Australia,0.0,0.0,0.0,0.0,1.0
293,1942,0.711979609,0.9432809773123911,0.9401244167962675,0.9077069457659368,0.5127779793686176,0.02267718417268333,Queensland,0.0,1.0,0.0,0.0,0.0
294,1943,1.310563299,0.02443280977312401,0.03654743390357684,0.009514747859181716,0.4322119122907055,0.16824569574823164,Victoria,0.0,0.0,0.0,1.0,0.0
295,1943,1.22201722,0.4642233856893545,0.5474339035769827,0.3425309229305423,0.03961432792493913,0.15755696308856654,South Australia,0.0,0.0,1.0,0.0,0.0
296,1943,1.146244093,0.3193717277486913,0.3802488335925347,0.23215984776403426,0.34222176144316,0.23794554410789917,New South Wales,1.0,0.0,0.0,0.0,0.0
298,1943,0.789711064,0.7609075043630019,0.7939346811819593,0.687916270218839,0.22438442797159294,0.13747921662258938,Western Australia,0.0,0.0,0.0,0.0,1.0
299,1943,1.004428044,0.8682373472949392,0.8965785381026437,0.7973358705994289,0.43091597117826963,0.026130168589054314,Queensland,0.0,1.0,0.0,0.0,0.0
301,1944,0.709870703,0.8158813263525306,0.8553654743390358,0.7335870599429114,0.10918044684049555,0.12287192861400892,Western Australia,0.0,0.0,0.0,0.0,1.0
302,1944,1.215289982,0.8621291448516581,0.8771384136858473,0.8078020932445288,0.4781504328443315,0.02192063140729872,Queensland,0.0,1.0,0.0,0.0,0.0
305,1944,1.186072117,0.37434554973822004,0.45956454121306345,0.25499524262607026,0.18957026592711626,0.21127220943087638,New South Wales,1.0,0.0,0.0,0.0,0.0
306,1944,0.740011022,0.050610820244328114,0.08320373250388774,0.010466222645099832,0.34963454460629306,0.14064121920612008,Victoria,0.0,0.0,0.0,1.0,0.0
307,1944,0.906718221,0.5026178010471205,0.5972006220839813,0.36631779257849667,0.01875485977917163,0.12025309211844668,South Australia,0.0,0.0,1.0,0.0,0.0
309,1945,1.411895911,0.8909249563699826,0.8911353032659406,0.8534728829686009,0.4487584884142865,0.025936180700494138,Queensland,0.0,1.0,0.0,0.0,0.0
311,1945,0.382706652,0.486038394415358,0.5505443234836701,0.3862987630827782,0.11852159037893317,0.12727545368432466,South Australia,0.0,0.0,1.0,0.0,0.0
312,1945,0.70639061,0.8054101221640492,0.8312597200622082,0.7402473834443386,0.1829454149603442,0.11883698053195746,Western Australia,0.0,0.0,0.0,0.0,1.0
313,1945,0.109841929,0.04886561954624785,0.06998444790046643,0.021883920076117946,0.4573842724586594,0.16797411270424742,Victoria,0.0,0.0,0.0,1.0,0.0
314,1945,0.405020412,0.3717277486910995,0.43079315707620514,0.2835394862036155,0.3750660929967342,0.22318306578847055,New South Wales,1.0,0.0,0.0,0.0,0.0
315,1946,1.402392947,0.8595113438045376,0.9113530326594088,0.7602283539486201,0.36829609662536933,0.03065008639250616,Queensland,0.0,1.0,0.0,0.0,0.0
316,1946,0.612935097,0.020942408376963373,0.02177293934681157,0.01998097050428166,0.6672852625576693,0.25509407345661783,Victoria,0.0,0.0,0.0,1.0,0.0
317,1946,0.65293312,0.46684118673647473,0.5396578538102641,0.35870599429115124,0.13621896221035718,0.169816997645569,South Australia,0.0,0.0,1.0,0.0,0.0
319,1946,1.114130435,0.3630017452006983,0.4354587869362362,0.2597526165556612,0.3208439168524182,0.29610311309823684,New South Wales,1.0,0.0,0.0,0.0,0.0
321,1946,0.766321174,0.7713787085514837,0.8055987558320372,0.6974310180780208,0.18175314913690319,0.14395841210049892,Western Australia,0.0,0.0,0.0,0.0,1.0
322,1947,0.659468269,0.7853403141361259,0.8001555209953343,0.7345385347288296,0.2525633715203981,0.19028271988866646,Western Australia,0.0,0.0,0.0,0.0,1.0
323,1947,0.94064507,0.08464223385689362,0.07542768273716938,0.09324452901998093,0.6815302472655642,0.2747062489900506,Victoria,0.0,0.0,0.0,1.0,0.0
324,1947,0.19123506,0.8726003490401399,0.8670295489891133,0.8430066603235014,0.5583329013529625,0.019321193700592487,Queensland,0.0,1.0,0.0,0.0,0.0
325,1947,0.235683914,0.35427574171029674,0.38802488335925334,0.2987630827783063,0.5404903841169457,0.35113747708275583,New South Wales,1.0,0.0,0.0,0.0,0.0
326,1947,0.744555621,0.5157068062827228,0.5707620528771383,0.4262607040913414,0.1399409050852729,0.19759606328738472,South Australia,0.0,0.0,1.0,0.0,0.0
329,1948,1.26994316,0.33158813263525333,0.39269051321928433,0.24357754519505226,0.3910839251464413,0.3957352926627379,New South Wales,1.0,0.0,0.0,0.0,0.0
330,1948,0.920507752,0.4781849912739968,0.572317262830482,0.34443387250237867,0.04349178373334717,0.18628656938432706,South Australia,0.0,0.0,1.0,0.0,0.0
331,1948,0.97863706,0.03054101221640504,0.038880248833592534,0.019029495718363376,0.5298532994660722,0.2531929921487282,Victoria,0.0,0.0,0.0,1.0,0.0
332,1948,1.553180118,0.8769633507853407,0.8981337480559872,0.814462416745956,0.3727333989943497,0.03613994363875886,Queensland,0.0,1.0,0.0,0.0,0.0
333,1948,0.840032226,0.7905759162303667,0.8312597200622082,0.7088487155090388,0.19120833549323515,0.2165486799997129,Western Australia,0.0,0.0,0.0,0.0,1.0
336,1949,1.101460035,0.005235602094240899,0.0038880248833589315,0.008563273073263544,0.6187859623658701,0.23501632699064068,Victoria,0.0,0.0,0.0,1.0,0.0
337,1949,0.849633779,0.7792321116928449,0.8110419906687402,0.7088487155090388,0.19052407858586906,0.22496775436322408,Western Australia,0.0,0.0,0.0,0.0,1.0
338,1949,1.582926829,0.8167539267015709,0.8227060653188178,0.775451950523311,0.6139443263698097,0.04756583027495259,Queensland,0.0,1.0,0.0,0.0,0.0
340,1949,1.077464358,0.3158813263525305,0.3576982892690511,0.253092293054234,0.550463946918252,0.3168792159630306,New South Wales,1.0,0.0,0.0,0.0,0.0
341,1949,0.851479219,0.4336823734729495,0.5015552099533436,0.3330161750713605,0.10432844331553576,0.16180529784803416,South Australia,0.0,0.0,1.0,0.0,0.0
343,1950,1.365629914,0.08813263525305426,0.09097978227060632,0.08277830637488104,0.6211393914260537,0.22188334693511746,Victoria,0.0,0.0,0.0,1.0,0.0
344,1950,1.319604613,0.8115183246073302,0.76905132192846,0.830637488106565,1.0,0.046945069031560066,Queensland,0.0,1.0,0.0,0.0,0.0
345,1950,0.894125683,0.7949389179755675,0.8273716951788488,0.7221693625118932,0.14735368824840603,0.22704342477081785,Western Australia,0.0,0.0,0.0,0.0,1.0
347,1950,1.373575608,0.36823734729493907,0.3639191290824261,0.35870599429115124,0.8234513503706391,0.3147841467665808,New South Wales,1.0,0.0,0.0,0.0,0.0
348,1950,1.004821475,0.4965095986038395,0.5606531881804041,0.39676498572787805,0.1746824944274532,0.14871111537022297,South Australia,0.0,0.0,1.0,0.0,0.0
351,1951,0.874313289,0.356020942408377,0.41601866251943986,0.26736441484300655,0.3530558291431237,0.261146495579695,New South Wales,1.0,0.0,0.0,0.0,0.0
352,1951,1.052905128,0.7879581151832461,0.8001555209953343,0.7392959086584204,0.18314239800943447,0.24991459683206138,Western Australia,0.0,0.0,0.0,0.0,1.0
353,1951,1.125300883,0.5375218150087262,0.6003110419906686,0.43862987630827777,0.06957648644445596,0.14490895275444374,South Australia,0.0,0.0,1.0,0.0,0.0
355,1951,1.259620596,0.0907504363001746,0.08631415241057533,0.09324452901998093,0.6640298584832305,0.21458940232525522,Victoria,0.0,0.0,0.0,1.0,0.0
356,1951,1.057054401,0.8289703315881329,0.8818040435458786,0.7288296860133204,0.3746824944274532,0.0437054712926053,Queensland,0.0,1.0,0.0,0.0,0.0
358,1952,0.868801405,0.7643979057591623,0.7939346811819593,0.6964795432921026,0.12933492302109792,0.2427758425330473,Western Australia,0.0,0.0,0.0,0.0,1.0
359,1952,0.969484832,0.34816753926701577,0.379471228615863,0.2959086584205518,0.5306515991913326,0.2159861151228884,New South Wales,1.0,0.0,0.0,0.0,0.0
361,1952,1.137561275,0.45462478184991273,0.5194401244167962,0.35775451950523296,0.11616816131874969,0.126480103341228,South Australia,0.0,0.0,1.0,0.0,0.0
362,1952,0.980434783,0.8961605584642236,0.9105754276827369,0.8411037107516648,0.4043750971955834,0.035538581184222345,Queensland,0.0,1.0,0.0,0.0,0.0
363,1952,1.2555667,0.034904013961605584,0.024883359253498938,0.04662226450999041,0.8065004406199782,0.193250734583637,Victoria,0.0,0.0,0.0,1.0,0.0
364,1953,1.731241473,0.841186736474695,0.874805598755832,0.7659372026641292,0.5559898398216785,0.05672205861499241,Queensland,0.0,1.0,0.0,0.0,0.0
365,1953,1.410296269,0.35514834205933704,0.4152410575427682,0.2683158896289247,0.34344512985329945,0.21198996461854902,New South Wales,1.0,0.0,0.0,0.0,0.0
366,1953,1.476632522,0.5043630017452008,0.583203732503888,0.38725023786869633,0.1183557099165414,0.12104844246154334,South Australia,0.0,0.0,1.0,0.0,0.0
367,1953,0.794546503,0.7931937172774872,0.8141524105754275,0.7345385347288296,0.17232906536726972,0.23532670761233693,Western Australia,0.0,0.0,0.0,0.0,1.0
368,1953,1.516550426,0.06369982547993025,0.08009331259720037,0.04186489058039955,0.5939868332382976,0.17507406942554948,Victoria,0.0,0.0,0.0,1.0,0.0
372,1954,1.337267583,0.49040139616055844,0.5637636080870917,0.37963843958135096,0.08711834534238766,0.1198263187636143,South Australia,0.0,0.0,1.0,0.0,0.0
373,1954,1.179804005,0.8359511343804539,0.8258164852255052,0.8125594671741198,0.7196412835000777,0.045373767134222726,Queensland,0.0,1.0,0.0,0.0,0.0
374,1954,1.511428276,0.07504363001745212,0.09097978227060632,0.053282588011417664,0.5927841998859571,0.187411699137976,Victoria,0.0,0.0,0.0,1.0,0.0
376,1954,0.924803015,0.8089005235602096,0.8312597200622082,0.747859181731684,0.13636410761494996,0.22634506837200125,Western Australia,0.0,0.0,0.0,0.0,1.0
377,1954,1.275745307,0.35776614310645727,0.39657853810264365,0.29686013320647,0.4920532890985434,0.26337735629813686,New South Wales,1.0,0.0,0.0,0.0,0.0
379,1955,1.611071172,0.8542757417102969,0.8351477449455675,0.8420551855375831,0.7647192991550464,0.05381224028658993,Queensland,0.0,1.0,0.0,0.0,0.0
380,1955,1.251901697,0.5043630017452008,0.5334370139968895,0.4471931493815413,0.18439686900627233,0.13245493030888109,South Australia,0.0,0.0,1.0,0.0,0.0
382,1955,0.77388852,0.7678883071553232,0.7573872472783825,0.7488106565176021,0.28614379762583586,0.23371660813728756,Western Australia,0.0,0.0,0.0,0.0,1.0
383,1955,1.364106275,0.0689354275741711,0.05132192846034178,0.0894386298763083,0.7465450209942459,0.18748929429340008,Victoria,0.0,0.0,0.0,1.0,0.0
384,1955,0.869105072,0.35514834205933704,0.36003110419906675,0.33491912464319695,0.6195116893888342,0.2289639048675635,New South Wales,1.0,0.0,0.0,0.0,0.0
385,1956,1.308488264,0.2827225130890053,0.286158631415241,0.2683158896289247,0.7495827069617956,0.23043821282062077,New South Wales,1.0,0.0,0.0,0.0,0.0
386,1956,1.206695332,0.4502617801047123,0.4961119751166406,0.3767840152235965,0.14151676947799488,0.12616972271953172,South Australia,0.0,0.0,1.0,0.0,0.0
389,1956,1.238583889,0.7661431064572426,0.7861586314152409,0.709800190294957,0.17861178788035872,0.22669424657140957,Western Australia,0.0,0.0,0.0,0.0,1.0
390,1956,1.290214632,0.041012216404886614,0.011664074650077572,0.07516650808753567,0.8675029806645587,0.1679547139153914,Victoria,0.0,0.0,0.0,1.0,0.0
391,1956,1.724299065,0.7844677137870857,0.7768273716951787,0.7621313035204564,0.9582706961795656,0.04550955865621484,Queensland,0.0,1.0,0.0,0.0,0.0
392,1957,1.318462594,0.8726003490401399,0.9097978227060652,0.7916270218839199,0.4482090093826136,0.028108845052367992,Queensland,0.0,1.0,0.0,0.0,0.0
393,1957,0.780389703,0.841186736474695,0.867807153965785,0.7735490009514746,0.15814628583277174,0.21687845941026518,Western Australia,0.0,0.0,0.0,0.0,1.0
395,1957,1.46881979,0.5314136125654453,0.6321928460342144,0.38725023786869633,0.03132030480534964,0.11276515962002429,South Australia,0.0,0.0,1.0,0.0,0.0
396,1957,1.09970217,0.38568935427574175,0.4821150855365473,0.25118934348239763,0.24454927168109483,0.13662566991292466,New South Wales,1.0,0.0,0.0,0.0,0.0
397,1957,1.51594569,0.06195462478184999,0.10964230171073064,0.0009514747859181716,0.47636721787361985,0.12271673830316077,Victoria,0.0,0.0,0.0,1.0,0.0
400,1958,0.971566524,0.9214659685863876,0.9245723172628302,0.8782112274024736,0.5191643771707013,0.03600415211676672,Queensland,0.0,1.0,0.0,0.0,0.0
401,1958,0.752969562,0.49389179755671925,0.5482115085536544,0.4081826831588962,0.13545176507179515,0.1043654840453691,South Australia,0.0,0.0,1.0,0.0,0.0
402,1958,0.31592775,0.3848167539267018,0.40979782270606524,0.33872502378686953,0.45855580322430145,0.17705274588886316,New South Wales,1.0,0.0,0.0,0.0,0.0
404,1958,1.177912458,0.05933682373472965,0.060653188180404105,0.05613701236917218,0.6289150381006687,0.14388081694507485,Victoria,0.0,0.0,0.0,1.0,0.0
405,1958,0.752256016,0.8289703315881329,0.8320373250388802,0.7906755470980017,0.19228655849878182,0.2320095147179581,Western Australia,0.0,0.0,0.0,0.0,1.0
406,1959,1.536679537,0.8708551483420597,0.8662519440124414,0.8392007611798284,0.5480690477424706,0.055111959139943045,Queensland,0.0,1.0,0.0,0.0,0.0
407,1959,1.529669944,0.5541012216404887,0.6314152410575425,0.43577545195052314,0.02505831735005959,0.11034031101302222,South Australia,0.0,0.0,1.0,0.0,0.0
408,1959,1.586348123,0.12652705061082037,0.14618973561430781,0.09800190294957184,0.5061842309885439,0.1419409380594732,Victoria,0.0,0.0,0.0,1.0,0.0
409,1959,1.177075514,0.8691099476439791,0.874805598755832,0.8268315889628923,0.14597480690477424,0.25827547482900454,Western Australia,0.0,0.0,0.0,0.0,1.0
411,1959,1.405955991,0.393542757417103,0.42612752721617386,0.33682207421503324,0.5465657560520449,0.24933263316638088,New South Wales,1.0,0.0,0.0,0.0,0.0
415,1960,1.154005902,0.06631762652705075,0.05520995334370116,0.07897240723120835,0.7585920895754497,0.17732432893284739,Victoria,0.0,0.0,0.0,1.0,0.0
416,1960,0.51746133,0.486038394415358,0.5412130637636078,0.3986679352997145,0.10150847545487535,0.12149461460523173,South Australia,0.0,0.0,1.0,0.0,0.0
417,1960,1.28285482,0.34554973821989526,0.3724727838258164,0.29971455756422444,0.43601679539681715,0.3099732471302887,New South Wales,1.0,0.0,0.0,0.0,0.0
418,1960,1.060402685,0.7556719022687612,0.7659409020217727,0.7117031398667933,0.2716603597532528,0.2917771831833451,Western Australia,0.0,0.0,0.0,0.0,1.0
419,1960,1.330198915,0.829842931937173,0.8429237947122861,0.7783063748810655,0.46852936602560774,0.05348246087603767,Queensland,0.0,1.0,0.0,0.0,0.0
421,1961,1.583437892,0.5680628272251309,0.6508553654743388,0.4433872502378685,0.022798196049971464,0.15445315687160388,South Australia,0.0,0.0,1.0,0.0,0.0
422,1961,1.068022613,0.8472949389179756,0.8771384136858473,0.775451950523311,0.16125654450261778,0.3155406995319654,Western Australia,0.0,0.0,0.0,0.0,1.0
423,1961,1.067427756,0.8481675392670158,0.87402799377916,0.7802093244529018,0.3713752527085169,0.054219614852566295,Queensland,0.0,1.0,0.0,0.0,0.0
425,1961,1.396786905,0.3891797556719022,0.4300155520995332,0.3225499524262606,0.47960188689025973,0.3198278318691451,New South Wales,1.0,0.0,0.0,0.0,0.0
426,1961,1.701257862,0.16230366492146608,0.17807153965785372,0.1379638439581351,0.5268259810274221,0.20958451480040297,Victoria,0.0,0.0,0.0,1.0,0.0
427,1962,1.077455504,0.8752181500872601,0.878693623639191,0.835394862036156,0.5328391477891243,0.058700735078306115,Queensland,0.0,1.0,0.0,0.0,0.0
428,1962,1.17133597,0.34904013961605607,0.38569206842923764,0.2901998097050428,0.5223161059561453,0.3529803620240774,New South Wales,1.0,0.0,0.0,0.0,0.0
429,1962,1.008180536,0.8324607329842935,0.8514774494556764,0.7745004757373928,0.19827899020268516,0.34368834216204547,Western Australia,0.0,0.0,0.0,0.0,1.0
431,1962,1.342701015,0.09685863874345563,0.10886469673405896,0.07992388201712652,0.5616401430718988,0.22349344641016683,Victoria,0.0,0.0,0.0,1.0,0.0
432,1962,1.020729409,0.5331588132635255,0.5956454121306373,0.43482397716460497,0.06900627235498424,0.17484128395927728,South Australia,0.0,0.0,1.0,0.0,0.0
435,1963,1.4636866,0.3717277486910995,0.378693623639191,0.3491912464319694,0.580322430148774,0.3930194622228956,New South Wales,1.0,0.0,0.0,0.0,0.0
436,1963,0.992953723,0.548865619546248,0.59253499222395,0.47288296860133194,0.07181587268674511,0.20357089025503783,South Australia,0.0,0.0,1.0,0.0,0.0
437,1963,1.014351114,0.8150087260034906,0.811819595645412,0.7849666983824926,0.306080555699549,0.3769766638389699,Western Australia,0.0,0.0,0.0,0.0,1.0
438,1963,1.46125257,0.105584642233857,0.10031104199066865,0.10846812559467167,0.5998652221243067,0.24516189356233734,Victoria,0.0,0.0,0.0,1.0,0.0
439,1963,1.36649637,0.8455497382198953,0.8460342146189734,0.8097050428163651,0.5395365714581929,0.07198890544467745,Queensland,0.0,1.0,0.0,0.0,0.0
441,1964,0.758040469,0.8019197207678883,0.8180404354587869,0.7497621313035203,0.17092944896583898,0.3641540644051429,Western Australia,0.0,0.0,0.0,0.0,1.0
444,1964,1.294418482,0.4895287958115185,0.5520995334370138,0.3939105613701236,0.0760250894199368,0.21984647410523572,South Australia,0.0,0.0,1.0,0.0,0.0
445,1964,1.650453028,0.04363001745200701,0.043545878693623474,0.04281636536631772,0.71777512829817,0.24392037107555226,Victoria,0.0,0.0,0.0,1.0,0.0
446,1964,1.596995256,0.8874345549738221,0.8942457231726282,0.8411037107516648,0.5651443678399254,0.0734438146088787,Queensland,0.0,1.0,0.0,0.0,0.0
447,1964,1.659299084,0.33944153577661457,0.384136858475894,0.27117031398667935,0.4026644549271681,0.3895276802288126,New South Wales,1.0,0.0,0.0,0.0,0.0
448,1965,0.822900177,0.8481675392670158,0.8553654743390358,0.8039961941008562,0.18125550774972787,0.40425136097052916,Western Australia,0.0,0.0,0.0,0.0,1.0
449,1965,1.301857725,0.573298429319372,0.6516329704510108,0.45385347288296857,0.014804831268467156,0.21391044471529463,South Australia,0.0,0.0,1.0,0.0,0.0
450,1965,1.624389126,0.09162303664921473,0.12752721617418322,0.04471931493815412,0.4492353947436628,0.2538913485475448,Victoria,0.0,0.0,0.0,1.0,0.0
453,1965,1.768640069,0.4109947643979057,0.4758942457231724,0.3158896289248334,0.23038722720439583,0.45203057792289797,New South Wales,1.0,0.0,0.0,0.0,0.0
454,1965,1.496385542,0.8891797556719023,0.9074650077760495,0.8287345385347287,0.3387486392618319,0.08034978344162061,Queensland,0.0,1.0,0.0,0.0,0.0
455,1966,0.574806976,0.34031413612565453,0.3740279937791601,0.2854424357754518,0.3891037271266393,0.35912977809143465,New South Wales,1.0,0.0,0.0,0.0,0.0
457,1966,0.978934102,0.486038394415358,0.5404354587869361,0.3996194100856327,0.1421491887408636,0.21532655630178385,South Australia,0.0,0.0,1.0,0.0,0.0
459,1966,1.228238342,0.8534031413612566,0.8545878693623638,0.8154138915318743,0.35530558291431236,0.0747241346733758,Queensland,0.0,1.0,0.0,0.0,0.0
460,1966,1.116441659,0.7722513089005236,0.7900466562985999,0.7193149381541387,0.19300191799284638,0.4826418667376921,Western Australia,0.0,0.0,0.0,0.0,1.0
461,1966,1.325562701,0.06282722513089012,0.07231726283048207,0.04947668886774498,0.6485407703073972,0.24116574305799793,Victoria,0.0,0.0,0.0,1.0,0.0
462,1967,1.956714314,0.878708551483421,0.87402799377916,0.8477640342530921,0.45409776579752215,0.09619859393698613,Queensland,0.0,1.0,0.0,0.0,0.0
463,1967,1.519410977,0.10820244328097733,0.15007776049766713,0.053282588011417664,0.2641024311855269,0.2461900293717062,Victoria,0.0,0.0,0.0,1.0,0.0
464,1967,1.221869783,0.5270506108202445,0.608864696734059,0.4043767840152234,0.02171997304442491,0.2322423001842303,South Australia,0.0,0.0,1.0,0.0,0.0
465,1967,1.092859368,0.8027923211169287,0.8297045101088645,0.7364414843006658,0.23066715048468195,0.4980833026670813,Western Australia,0.0,0.0,0.0,0.0,1.0
467,1967,1.908640693,0.4013961605584643,0.44090202177293913,0.33682207421503324,0.2887356798507075,0.5599848379066301,New South Wales,1.0,0.0,0.0,0.0,0.0
469,1968,0.590710508,0.10645724258289713,0.09797822706065296,0.11417697431018076,0.633476750816443,0.25294080789359996,Victoria,0.0,0.0,0.0,1.0,0.0
470,1968,0.631265637,0.523560209424084,0.5590979782270604,0.4586108468125593,0.21392359131201077,0.22469617131923986,South Australia,0.0,0.0,1.0,0.0,0.0
471,1968,1.081672862,0.7530541012216407,0.7527216174183514,0.7231208372978115,0.32307293556580785,0.5216722299159975,Western Australia,0.0,0.0,0.0,0.0,1.0
472,1968,1.247824632,0.8752181500872601,0.8584758942457231,0.8582302568981919,0.543051163755119,0.11577197189270685,Queensland,0.0,1.0,0.0,0.0,0.0
474,1968,0.714844337,0.3821989528795813,0.39269051321928433,0.3529971455756422,0.43733347156705193,0.6447575452074226,New South Wales,1.0,0.0,0.0,0.0,0.0
476,1969,1.491100857,0.5130890052356022,0.582426127527216,0.40627973358705993,0.13041314602664453,0.29412443663492316,South Australia,0.0,0.0,1.0,0.0,0.0
477,1969,1.578336557,0.9197207678883074,0.9097978227060652,0.8943862987630827,0.3619304338810844,0.14025324342899975,Queensland,0.0,1.0,0.0,0.0,0.0
478,1969,1.036005826,0.8193717277486914,0.8592534992223948,0.7364414843006658,0.1611839718003214,0.5725552530853288,Western Australia,0.0,0.0,0.0,0.0,1.0
479,1969,1.531476772,0.08551483420593375,0.08475894245723165,0.08372978116079921,0.6003317609247836,0.31261148241470693,Victoria,0.0,0.0,0.0,1.0,0.0
480,1969,1.452249839,0.38132635253054104,0.3934681181959563,0.35109419600380587,0.5422735990876574,0.7818875836306036,New South Wales,1.0,0.0,0.0,0.0,0.0
484,1970,0.665680959,0.878708551483421,0.8888024883359253,0.8287345385347287,0.4434814162044477,0.11792523745572467,Queensland,0.0,1.0,0.0,0.0,0.0
485,1970,0.660405519,0.8289703315881329,0.8514774494556764,0.7668886774500474,0.15592763464828158,0.5327489383527829,Western Australia,0.0,0.0,0.0,0.0,1.0
486,1970,1.238722094,0.4947643979057592,0.5754276827371694,0.37583254043767833,0.03872272043958325,0.251835076928807,South Australia,0.0,0.0,1.0,0.0,0.0
487,1970,1.703401259,0.061082024432809856,0.0528771384136858,0.06850618458610841,0.7021097921310455,0.25877984333926096,Victoria,0.0,0.0,0.0,1.0,0.0
489,1970,1.269608826,0.336823734729494,0.37791601866251934,0.2730732635585157,0.45327873101446264,0.6767655468198499,New South Wales,1.0,0.0,0.0,0.0,0.0
490,1971,0.358490566,0.8682373472949392,0.8631415241057541,0.8372978116079922,0.6382769166969053,0.06461736567939116,Queensland,0.0,1.0,0.0,0.0,0.0
491,1971,0.98417051,0.5226876090750437,0.5769828926905131,0.43387250237868685,0.12547820227048884,0.15548129268097274,South Australia,0.0,0.0,1.0,0.0,0.0
493,1971,1.320752236,0.09773123909249576,0.08631415241057533,0.10846812559467167,0.6749053962987922,0.14735320015030182,Victoria,0.0,0.0,0.0,1.0,0.0
494,1971,1.358577425,0.35078534031413633,0.37480559875583175,0.30732635585156987,0.5005339277383235,0.42966377437191083,New South Wales,1.0,0.0,0.0,0.0,0.0
495,1971,1.252382364,0.7853403141361259,0.7986003110419906,0.737392959086584,0.21532320771344146,0.45786961336855897,Western Australia,0.0,0.0,0.0,0.0,1.0
498,1972,1.298201439,0.8717277486910997,0.8825816485225504,0.8220742150333014,0.49752734435747237,0.10770207572860396,Queensland,0.0,1.0,0.0,0.0,0.0
499,1972,1.7278408,0.11954624781849921,0.15163297045101076,0.07516650808753567,0.3931885335130371,0.20163101136943617,Victoria,0.0,0.0,0.0,1.0,0.0
500,1972,1.315833801,0.548865619546248,0.6407465007776048,0.41294005708848697,0.026986677725364172,0.20714026740454486,South Australia,0.0,0.0,1.0,0.0,0.0
501,1972,0.993199522,0.3944153577661433,0.44790046656298577,0.3120837297811608,0.3483386034938572,0.4705176237026818,New South Wales,1.0,0.0,0.0,0.0,0.0
502,1972,1.060335962,0.8647469458987787,0.8911353032659406,0.7963843958135108,0.0894095692291742,0.3959486793401541,Western Australia,0.0,0.0,0.0,0.0,1.0
504,1973,0.826488186,0.5828970331588135,0.6057542768273716,0.5309229305423404,0.2814265719765694,0.19113626659833122,South Australia,0.0,0.0,1.0,0.0,0.0
505,1973,0.821777304,0.835078534031414,0.8149300155520992,0.8249286393910559,0.33983722979627806,0.4726708892656996,Western Australia,0.0,0.0,0.0,0.0,1.0
506,1973,0.86039099,0.9537521815008729,0.8934681181959563,0.9876308277830634,0.834928204862371,0.0911355100455658,Queensland,0.0,1.0,0.0,0.0,0.0
507,1973,1.148887254,0.12129144851657947,0.09720062208398128,0.14747859181731682,0.8774972785236639,0.210787239709476,Victoria,0.0,0.0,0.0,1.0,0.0
510,1973,0.746380963,0.442408376963351,0.4300155520995332,0.43958135109419594,0.6726556425276035,0.5077245007285216,New South Wales,1.0,0.0,0.0,0.0,0.0
512,1974,1.117258924,0.105584642233857,0.06765163297045074,0.14843006660323493,0.8717225649266497,0.24386217470898422,Victoria,0.0,0.0,0.0,1.0,0.0
513,1974,1.37408949,0.343804537521815,0.3405909797822705,0.3339676498572786,0.7064952568555284,0.5591118924081094,New South Wales,1.0,0.0,0.0,0.0,0.0
515,1974,1.253579161,0.5017452006980805,0.5217729393468116,0.456707897240723,0.3256544502617801,0.27761606731845306,South Australia,0.0,0.0,1.0,0.0,0.0
516,1974,1.414016589,0.7739965095986039,0.7636080870917571,0.7554709800190293,0.3753667513348193,0.577521343032469,Western Australia,0.0,0.0,0.0,0.0,1.0
517,1974,1.332404358,0.8228621291448519,0.8071539657853809,0.8068506184586106,0.8728318905188948,0.07641182930384924,Queensland,0.0,1.0,0.0,0.0,0.0
518,1975,1.439254809,0.39528795811518325,0.4206842923794709,0.34728829686013307,0.5168627857550152,0.5131949591859182,New South Wales,1.0,0.0,0.0,0.0,0.0
520,1975,1.833347944,0.12652705061082037,0.11353032659408996,0.1379638439581351,0.7188326162459178,0.2211267941697328,Victoria,0.0,0.0,0.0,1.0,0.0
521,1975,1.166269262,0.7888307155322865,0.7947122861586313,0.7488106565176021,0.271048675548183,0.5449313777543613,Western Australia,0.0,0.0,0.0,0.0,1.0
522,1975,1.41678608,0.8804537521815011,0.8561430793157074,0.8734538534728826,0.7210201648437093,0.09460789325079277,Queensland,0.0,1.0,0.0,0.0,0.0
523,1975,1.217305801,0.5305410122164049,0.5909797822706063,0.43577545195052314,0.1849774506246436,0.23658762888797802,South Australia,0.0,0.0,1.0,0.0,0.0
526,1976,1.299782424,0.7993019197207683,0.8343701399688954,0.7231208372978115,0.168565652376756,0.6150386006800052,Western Australia,0.0,0.0,0.0,0.0,1.0
527,1976,1.188315076,0.46858638743455494,0.545878693623639,0.35490009514747844,0.12465916748742939,0.18578220087407063,South Australia,0.0,0.0,1.0,0.0,0.0
529,1976,1.47097195,0.08638743455497383,0.09097978227060632,0.07802093244529013,0.4863615157327251,0.20801321290306563,Victoria,0.0,0.0,0.0,1.0,0.0
530,1976,1.440472058,0.8158813263525306,0.8211508553654742,0.7764034253092291,0.7138665699030635,0.1116206310775193,Queensland,0.0,1.0,0.0,0.0,0.0
531,1976,1.553837281,0.3280977312390925,0.36469673405909775,0.2692673644148429,0.5925872168368669,0.5379866113439074,New South Wales,1.0,0.0,0.0,0.0,0.0
532,1977,0.991419378,0.555846422338569,0.6321928460342144,0.43958135109419594,0.044570006738893775,0.16262004697998683,South Australia,0.0,0.0,1.0,0.0,0.0
533,1977,1.649977534,0.4040139616055848,0.4572317262830481,0.3225499524262606,0.38319423565393185,0.6042722728649159,New South Wales,1.0,0.0,0.0,0.0,0.0
534,1977,0.980355472,0.8560209424083771,0.8802488335925347,0.7897240723120835,0.12978072676377583,0.6427012735886848,Western Australia,0.0,0.0,0.0,0.0,1.0
535,1977,1.613271689,0.10209424083769636,0.12052877138413659,0.07706945765937195,0.4650873464309782,0.21383284955987059,Victoria,0.0,0.0,0.0,1.0,0.0
538,1977,1.365120275,0.8560209424083771,0.8553654743390358,0.8220742150333014,0.6605671038308019,0.11274576083116825,Queensland,0.0,1.0,0.0,0.0,0.0
539,1978,1.178225616,0.09773123909249576,0.07620528771384105,0.12178877259752618,0.7539059665128816,0.24626762452713027,Victoria,0.0,0.0,0.0,1.0,0.0
540,1978,0.816176674,0.8202443280977314,0.8133748055987555,0.7935299714557562,0.2640713285988285,0.6999277007139337,Western Australia,0.0,0.0,0.0,0.0,1.0
543,1978,0.468623853,0.4956369982547995,0.5365474339035768,0.4253092293054233,0.13438390959514798,0.21129160821973242,South Australia,0.0,0.0,1.0,0.0,0.0
544,1978,0.938035597,0.8542757417102969,0.8335925349922237,0.8439581351094194,0.5767560002073505,0.11755666046746036,Queensland,0.0,1.0,0.0,0.0,0.0
545,1978,1.138804998,0.35165794066317624,0.35458786936236375,0.3339676498572786,0.6296926027681302,0.6550195045122553,New South Wales,1.0,0.0,0.0,0.0,0.0
546,1979,1.61020613,0.5689354275741713,0.6127527216174182,0.4919124643196953,0.21222331657249496,0.25111732174113444,South Australia,0.0,0.0,1.0,0.0,0.0
547,1979,2.099996838,0.43717277486911,0.4743390357698287,0.3739295908658419,0.31969312114457515,0.6132539121052516,New South Wales,1.0,0.0,0.0,0.0,0.0
549,1979,2.242036788,0.12827225130890058,0.12830482115085523,0.12369172216936247,0.5352858846094033,0.2592842118495174,Victoria,0.0,0.0,0.0,1.0,0.0
550,1979,1.187257124,0.8516579406631763,0.8615863141524104,0.8049476688867743,0.162282929863667,0.7186863295377017,Western Australia,0.0,0.0,0.0,0.0,1.0
551,1979,2.626773762,0.9101221640488659,0.9043545878693622,0.8791627021883919,0.5660878129697786,0.14475376244359558,Queensland,0.0,1.0,0.0,0.0,0.0
553,1980,1.153688804,0.9493891797556722,0.9486780715396577,0.9105613701236914,0.42285003369446894,0.14209612837032132,Queensland,0.0,1.0,0.0,0.0,0.0
555,1980,1.756954612,0.46335078534031426,0.5132192846034213,0.3824928639391056,0.28722202063138247,0.6623134491221175,New South Wales,1.0,0.0,0.0,0.0,0.0
557,1980,1.649768291,0.6029668411867367,0.6695178849144634,0.4957183634633681,0.07991291275724433,0.27612236057653977,South Australia,0.0,0.0,1.0,0.0,0.0
558,1980,0.907372355,0.8752181500872601,0.8779160186625193,0.8344433872502377,0.28045202426001764,0.7992301008678825,Western Australia,0.0,0.0,0.0,0.0,1.0
559,1980,2.230489395,0.1457242582897033,0.15863141524105745,0.12559467174119876,0.5157845627494686,0.2824657645324572,Victoria,0.0,0.0,0.0,1.0,0.0
562,1981,0.856502242,0.4328097731239092,0.44167962674961114,0.4043767840152234,0.45949924835415473,0.648734296922906,New South Wales,1.0,0.0,0.0,0.0,0.0
563,1981,1.141908254,0.5741710296684119,0.6150855365474336,0.49952426260704075,0.14646208076305015,0.28021550502515924,South Australia,0.0,0.0,1.0,0.0,0.0
564,1981,1.773584906,0.15270506108202447,0.14152410575427654,0.15984776403425294,0.6551137836296719,0.27744147821874887,Victoria,0.0,0.0,0.0,1.0,0.0
565,1981,0.667537827,0.9013961605584644,0.8763608087091757,0.8943862987630827,0.7629153491265357,0.14087400467239228,Queensland,0.0,1.0,0.0,0.0,0.0
566,1981,0.765087351,0.835078534031414,0.8413685847589422,0.792578496669838,0.2152402674822456,0.8404137296092056,Western Australia,0.0,0.0,0.0,0.0,1.0
567,1982,1.641666667,0.42931937172774876,0.493779160186625,0.3330161750713605,0.22423928256700015,0.6982012085057482,New South Wales,1.0,0.0,0.0,0.0,0.0
568,1982,1.866384202,0.14223385689354284,0.18195956454121298,0.08848715509038996,0.2586283759265979,0.2562386019991228,Victoria,0.0,0.0,0.0,1.0,0.0
569,1982,1.575071725,0.8891797556719023,0.9004665629860029,0.8382492863939104,0.34931315121040896,0.18240681161312375,Queensland,0.0,1.0,0.0,0.0,0.0
571,1982,1.04572175,0.8263525305410124,0.8398133748055985,0.7745004757373928,0.29356694831786845,0.8908311818459926,Western Australia,0.0,0.0,0.0,0.0,1.0
573,1982,1.187180385,0.5706806282722515,0.6415241057542768,0.4605137963843956,0.025918822248717,0.2767625206087883,South Australia,0.0,0.0,1.0,0.0,0.0
575,1983,0.513394693,0.40837696335078555,0.40124416796267465,0.40152235965746896,0.5863355969104763,0.6131763169498275,New South Wales,1.0,0.0,0.0,0.0,0.0
576,1983,0.98357236,0.9275741710296685,0.8771384136858473,0.9514747859181729,0.561474262609507,0.1486335202147989,Queensland,0.0,1.0,0.0,0.0,0.0
577,1983,1.093866897,0.8612565445026179,0.8662519440124414,0.8182683158896289,0.2323777927530973,0.9436734826897818,Western Australia,0.0,0.0,0.0,0.0,1.0
579,1983,0.487267525,0.5645724258289705,0.6018662519440122,0.49476688867744995,0.11962054844227879,0.27103987789626344,South Australia,0.0,0.0,1.0,0.0,0.0
580,1983,0.31833258,0.11431064572425836,0.09020217729393437,0.14081826831588956,0.6827225130890052,0.2571891426530676,Victoria,0.0,0.0,0.0,1.0,0.0
581,1984,1.911124366,0.8568935427574174,0.8367029548989111,0.8458610846812558,0.6286973199937794,0.19497722679182247,Queensland,0.0,1.0,0.0,0.0,0.0
582,1984,0.88251654,0.8036649214659686,0.8055987558320372,0.7668886774500474,0.28467160852210877,0.92055012637341,Western Australia,0.0,0.0,0.0,0.0,1.0
583,1984,1.656202046,0.5034904013961607,0.5482115085536544,0.4272121788772596,0.11159608107407598,0.3032418673972509,South Australia,0.0,0.0,1.0,0.0,0.0
584,1984,2.393270959,0.06282722513089012,0.06842923794712275,0.054234062797335836,0.5721631849048779,0.3129218630364032,Victoria,0.0,0.0,0.0,1.0,0.0
586,1984,2.125281146,0.33071553228621303,0.3670295489891134,0.2740247383444338,0.5884194702192732,0.7502093614287286,New South Wales,1.0,0.0,0.0,0.0,0.0
589,1985,1.571704721,0.37870855148342075,0.41446345256609624,0.32064700285442427,0.4394899175781452,0.6922845779046631,New South Wales,1.0,0.0,0.0,0.0,0.0
590,1985,1.350976008,0.8551483420593371,0.868584758942457,0.8039961941008562,0.14074957233943292,0.9021988721156183,Western Australia,0.0,0.0,0.0,0.0,1.0
591,1985,1.714549403,0.8935427574171031,0.878693623639191,0.875356803044719,0.46245399409050847,0.17850765505306443,Queensland,0.0,1.0,0.0,0.0,0.0
592,1985,1.378919861,0.5349040139616057,0.587869362363919,0.44909609895337765,0.06038048831061116,0.267082524969636,South Australia,0.0,0.0,1.0,0.0,0.0
593,1985,1.769538947,0.10645724258289713,0.10419906687402791,0.1046622264509991,0.5937380125447099,0.29521076881086006,Victoria,0.0,0.0,0.0,1.0,0.0
595,1986,1.738459957,0.9363001745200701,0.9167962674961119,0.9210275927687913,0.40405370379969935,0.18853682889162499,Queensland,0.0,1.0,0.0,0.0,0.0
597,1986,1.553212652,0.06195462478184999,0.0528771384136858,0.07040913415794475,0.5841895184282826,0.29239794442673767,Victoria,0.0,0.0,0.0,1.0,0.0
599,1986,1.040649034,0.8176265270506109,0.8234836702954897,0.7773549000951472,0.21069928982427036,0.8044483750701509,Western Australia,0.0,0.0,0.0,0.0,1.0
600,1986,1.615109485,0.3717277486910995,0.41990668740279924,0.29686013320647,0.34530091752630754,0.7103448503296146,New South Wales,1.0,0.0,0.0,0.0,0.0
601,1986,1.24305026,0.529668411867365,0.576205287713841,0.45099904852521394,0.09025970659893218,0.2796723389371908,South Australia,0.0,0.0,1.0,0.0,0.0
602,1987,2.049427985,0.08638743455497383,0.09720062208398128,0.07040913415794475,0.5376704162562853,0.2643666945297937,Victoria,0.0,0.0,0.0,1.0,0.0
604,1987,1.262100371,0.8272251308900527,0.8382581648522548,0.7783063748810655,0.2238867865844176,0.8262720125331695,Western Australia,0.0,0.0,0.0,0.0,1.0
605,1987,1.566800052,0.3917975567190227,0.42301710730948655,0.33777354900095136,0.45702140894717735,0.6009744787593931,New South Wales,1.0,0.0,0.0,0.0,0.0
606,1987,1.39509992,0.5314136125654453,0.5785381026438566,0.45099904852521394,0.1124462184438339,0.3133874339689476,South Australia,0.0,0.0,1.0,0.0,0.0
607,1987,1.048452051,0.9275741710296685,0.8965785381026437,0.9267364414843006,0.4772277227722772,0.15398758593905948,Queensland,0.0,1.0,0.0,0.0,0.0
609,1988,1.622316029,0.442408376963351,0.4572317262830481,0.40723120837297805,0.5962573220672853,0.47777277073483193,New South Wales,1.0,0.0,0.0,0.0,0.0
610,1988,1.172050477,0.8708551483420597,0.8771384136858473,0.8268315889628923,0.21570680628272249,0.6424102917558445,Western Australia,0.0,0.0,0.0,0.0,1.0
611,1988,1.159038313,0.592495636998255,0.6337480559875581,0.5176022835394861,0.12958374371468562,0.30161236913334555,South Australia,0.0,0.0,1.0,0.0,0.0
613,1988,1.111902182,0.9668411867364748,0.9284603421461894,0.9743101807802093,0.47294593333678914,0.12518038448787489,Queensland,0.0,1.0,0.0,0.0,0.0
614,1988,1.835234474,0.17539267015706822,0.16174183514774476,0.18553758325404374,0.655393706909958,0.19881818698531376,Victoria,0.0,0.0,0.0,1.0,0.0
616,1989,1.777570903,0.3778359511343805,0.38491446345256597,0.35394862036156033,0.537089834637914,0.44785983831885445,New South Wales,1.0,0.0,0.0,0.0,0.0
617,1989,2.017703723,0.8760907504363005,0.8304821150855365,0.8953377735490007,0.6132289668757451,0.1488663056810711,Queensland,0.0,1.0,0.0,0.0,0.0
618,1989,1.816951337,0.11431064572425836,0.09331259720062196,0.13701236917221693,0.6764397905759161,0.18042813514981004,Victoria,0.0,0.0,0.0,1.0,0.0
620,1989,0.895460526,0.518324607329843,0.5497667185069981,0.4586108468125593,0.1053237260898865,0.29470640030060363,South Australia,0.0,0.0,1.0,0.0,0.0
621,1989,1.584612119,0.8237347294938919,0.8312597200622082,0.7802093244529018,0.1739256648177907,0.6395004734274421,Western Australia,0.0,0.0,0.0,0.0,1.0
623,1990,1.674932545,0.5881326352530543,0.6259720062208395,0.5185537583254043,0.09068477528381108,0.3018063570219057,South Australia,0.0,0.0,1.0,0.0,0.0
625,1990,2.05964507,0.14834205933682387,0.13919129082426118,0.1550903901046622,0.5541444196775699,0.1845794759649976,Victoria,0.0,0.0,0.0,1.0,0.0
627,1990,1.380738695,0.8490401396160562,0.857698289269051,0.803044719314938,0.1715515006998082,0.6742243054797117,Western Australia,0.0,0.0,0.0,0.0,1.0
628,1990,1.58783406,0.9118673647469462,0.8825816485225504,0.9086584205518552,0.4909128609195998,0.173328178428508,Queensland,0.0,1.0,0.0,0.0,0.0
629,1990,1.612178582,0.42670157068062853,0.4346811819595645,0.4005708848715508,0.5111606448602976,0.4117586922578076,New South Wales,1.0,0.0,0.0,0.0,0.0
631,1991,1.500220252,0.8961605584642236,0.9027993779160186,0.8515699333967647,0.1722564926649733,0.7044476185173856,Western Australia,0.0,0.0,0.0,0.0,1.0
633,1991,1.905808477,0.4406631762652708,0.4875583203732503,0.36441484300666016,0.3647504017417449,0.4199837787327586,New South Wales,1.0,0.0,0.0,0.0,0.0
634,1991,1.860982741,0.9144851657940667,0.9199066874027992,0.8705994291151284,0.6293608418433465,0.2055301679294955,Queensland,0.0,1.0,0.0,0.0,0.0
635,1991,1.395772897,0.6020942408376965,0.6578538102643854,0.5090390104662226,0.059250427660567095,0.2807004747465597,South Australia,0.0,0.0,1.0,0.0,0.0
636,1991,1.637959408,0.12303664921465973,0.12519440124416786,0.11512844909609893,0.5714996630553107,0.17666477011174284,Victoria,0.0,0.0,0.0,1.0,0.0
637,1992,1.456012806,0.35165794066317624,0.369362363919129,0.3158896289248334,0.5480379451557722,0.2906908510074082,New South Wales,1.0,0.0,0.0,0.0,0.0
638,1992,0.699003457,0.916230366492147,0.9020217729393466,0.896289248334919,0.4098491524545124,0.0952286544941853,Queensland,0.0,1.0,0.0,0.0,0.0
640,1992,1.650987045,0.512216404886562,0.5349922239502332,0.4643196955280684,0.24113835467316364,0.25140830357397465,South Australia,0.0,0.0,1.0,0.0,0.0
642,1992,1.732269237,0.0689354275741711,0.03421461897356115,0.10941960038058984,0.7917474469960084,0.12867216648195787,Victoria,0.0,0.0,0.0,1.0,0.0
643,1992,1.466299266,0.8228621291448519,0.8040435458786935,0.8106565176022834,0.2246021460784822,0.6264062909496309,Western Australia,0.0,0.0,0.0,0.0,1.0
644,1993,1.098625224,0.9458987783595116,0.9051321928460339,0.9552806850618455,0.4352910683738531,0.1296615047136147,Queensland,0.0,1.0,0.0,0.0,0.0
646,1993,1.705671011,0.5750436300174522,0.6150855365474336,0.5014272121788772,0.13151210408999015,0.275210617500307,South Australia,0.0,0.0,1.0,0.0,0.0
647,1993,1.629438858,0.8237347294938919,0.8203732503888022,0.7944814462416745,0.2777460992172516,0.7116445691829676,Western Australia,0.0,0.0,0.0,0.0,1.0
648,1993,2.114935065,0.4144851657940665,0.44090202177293913,0.36441484300666016,0.47718625265667924,0.32846029291007245,New South Wales,1.0,0.0,0.0,0.0,0.0
649,1993,2.453848027,0.1125654450261781,0.10419906687402791,0.11893434823977156,0.6982012337359389,0.15914766377475986,Victoria,0.0,0.0,0.0,1.0,0.0
651,1994,1.73639809,0.8734729493891799,0.9191290824261272,0.7811607992388201,0.14795500492457622,0.747163751578334,Western Australia,0.0,0.0,0.0,0.0,1.0
652,1994,0.999819982,0.8891797556719023,0.8950233281492999,0.8439581351094194,0.33876937431963094,0.10760508178432387,Queensland,0.0,1.0,0.0,0.0,0.0
653,1994,2.571724731,0.3961605584642235,0.4743390357698287,0.2835394862036155,0.25742574257425743,0.38349465689459145,New South Wales,1.0,0.0,0.0,0.0,0.0
654,1994,2.59251186,0.09773123909249576,0.12208398133748027,0.06470028544243572,0.39146752371572235,0.15113596397722504,Victoria,0.0,0.0,0.0,1.0,0.0
656,1994,1.744325658,0.56195462478185,0.6399688958009329,0.4433872502378685,0.014877403970763592,0.23573408217831326,South Australia,0.0,0.0,1.0,0.0,0.0
658,1995,1.066465907,0.5410122164048867,0.572317262830482,0.4795432921027592,0.13312943859831008,0.2703997178640149,South Australia,0.0,0.0,1.0,0.0,0.0
659,1995,0.614271667,0.37521815008726034,0.39813374805598734,0.3330161750713605,0.4906433051682132,0.2760447654211157,New South Wales,1.0,0.0,0.0,0.0,0.0
661,1995,0.561766908,0.9310645724258291,0.9012441679626748,0.9286393910561369,0.49940386708827944,0.07757575663521024,Queensland,0.0,1.0,0.0,0.0,0.0
662,1995,1.136042833,0.06457242582897038,0.04976671850699821,0.08182683158896281,0.6602664454927168,0.159264056507896,Victoria,0.0,0.0,0.0,1.0,0.0
663,1995,1.413065509,0.8115183246073302,0.8079315707620526,0.7821122740247382,0.30534446114768543,0.7463684012352373,Western Australia,0.0,0.0,0.0,0.0,1.0
665,1996,0.829209896,0.9293193717277488,0.9113530326594088,0.9124643196955278,0.5148514851485149,0.12137822187209563,Queensland,0.0,1.0,0.0,0.0,0.0
667,1996,2.251230373,0.05497382198952888,0.04898911353032642,0.06089438629876304,0.6572494945829661,0.1653940737863972,Victoria,0.0,0.0,0.0,1.0,0.0
668,1996,1.753853664,0.8752181500872601,0.8856920684292376,0.825880114176974,0.2543154839044114,0.7549232671207406,Western Australia,0.0,0.0,0.0,0.0,1.0
669,1996,1.793167007,0.5628272251308902,0.6143079315707619,0.4757373929590864,0.07534083251257062,0.2945318112008995,South Australia,0.0,0.0,1.0,0.0,0.0
670,1996,1.936348409,0.37085514834205957,0.4059097978227059,0.3130352045670789,0.4910476387952931,0.4515068106237855,New South Wales,1.0,0.0,0.0,0.0,0.0
672,1997,2.020516485,0.9005235602094244,0.8771384136858473,0.8924833491912461,0.5780519413197864,0.18989474411154614,Queensland,0.0,1.0,0.0,0.0,0.0
673,1997,2.620112782,0.4328097731239092,0.4821150855365473,0.35490009514747844,0.3564563786221554,0.6190541499732005,New South Wales,1.0,0.0,0.0,0.0,0.0
676,1997,1.762788189,0.8219895287958117,0.8281493001555209,0.7802093244529018,0.31965165102897725,0.8269509701431301,Western Australia,0.0,0.0,0.0,0.0,1.0
677,1997,1.820900384,0.5680628272251309,0.6049766718506996,0.49952426260704075,0.1408947177440257,0.29759681984015013,South Australia,0.0,0.0,1.0,0.0,0.0
678,1997,2.350197382,0.12129144851657947,0.14385692068429218,0.0894386298763083,0.3829454149603442,0.1865775512171673,Victoria,0.0,0.0,0.0,1.0,0.0
679,1998,1.869447341,0.5689354275741713,0.6018662519440122,0.5052331113225498,0.14194183816287387,0.27889638738295014,South Australia,0.0,0.0,1.0,0.0,0.0
681,1998,1.753968254,0.10471204188481686,0.11430793157076191,0.08848715509038996,0.5237053548286765,0.16605363260750178,Victoria,0.0,0.0,0.0,1.0,0.0
682,1998,2.011579593,0.4284467713787088,0.43934681181959545,0.39676498572787805,0.5431444715152143,0.5694320480795102,New South Wales,1.0,0.0,0.0,0.0,0.0
684,1998,1.390153785,0.968586387434555,0.9129082426127526,0.9952426260704089,0.7038308019283603,0.19410428129330173,Queensland,0.0,1.0,0.0,0.0,0.0
685,1998,1.837023473,0.8909249563699826,0.884136858475894,0.8620361560418648,0.27467731066300344,0.8155444822957924,Western Australia,0.0,0.0,0.0,0.0,1.0
686,1999,1.80942573,0.8280977312390927,0.8359253499222394,0.7840152235965745,0.3612358094448188,0.8757583229048678,Western Australia,0.0,0.0,0.0,0.0,1.0
687,1999,1.541534894,0.1457242582897033,0.1477449455676515,0.1379638439581351,0.5462028925405629,0.183861720777325,Victoria,0.0,0.0,0.0,1.0,0.0
688,1999,2.067962695,0.4144851657940665,0.4331259720062205,0.37583254043767833,0.5673526514955161,0.6155235704014056,New South Wales,1.0,0.0,0.0,0.0,0.0
690,1999,1.704601335,0.8979057591623039,0.8654743390357698,0.9000951474785917,0.6614068736716603,0.22075821718146849,Queensland,0.0,1.0,0.0,0.0,0.0
692,1999,1.878667499,0.5916230366492147,0.6329704510108862,0.5166508087535678,0.08981390285625418,0.34167086812101977,South Australia,0.0,0.0,1.0,0.0,0.0
693,2000,1.397567568,0.6012216404886565,0.6213063763608085,0.5518553758325403,0.15597947229277903,0.3587224035254583,South Australia,0.0,0.0,1.0,0.0,0.0
694,2000,2.140045359,0.14834205933682387,0.1423017107309485,0.15033301617507128,0.6284588668290912,0.23934225690553235,Victoria,0.0,0.0,0.0,1.0,0.0
696,2000,1.737226277,0.8673647469458989,0.8320373250388802,0.874405328258801,0.7566533616712456,0.21245553555109342,Queensland,0.0,1.0,0.0,0.0,0.0
697,2000,2.511870346,0.4040139616055848,0.42690513219284587,0.35870599429115124,0.5001399616401431,0.6641563340634391,New South Wales,1.0,0.0,0.0,0.0,0.0
698,2000,1.976230192,0.7809773123909252,0.790824261275272,0.7364414843006658,0.3919133274584003,0.8836924275469785,Western Australia,0.0,0.0,0.0,0.0,1.0
700,2001,2.695343952,0.13612565445026187,0.13530326594090186,0.13225499524262602,0.5484630138406511,0.2214953711579971,Victoria,0.0,0.0,0.0,1.0,0.0
701,2001,1.307492372,0.9075043630017454,0.9129082426127526,0.8620361560418648,0.4030065833808511,0.17150469227604243,Queensland,0.0,1.0,0.0,0.0,0.0
702,2001,1.303589445,0.7783595113438047,0.7986003110419906,0.7202664129400569,0.27671971385620237,0.8650889890340587,Western Australia,0.0,0.0,0.0,0.0,1.0
704,2001,2.143211289,0.4162303664921468,0.47122861586314135,0.3330161750713605,0.38513296355813587,0.7119355510158079,New South Wales,1.0,0.0,0.0,0.0,0.0
706,2001,2.106904232,0.5584642233856895,0.5972006220839813,0.4871550903901046,0.15426883002436367,0.3830872823286151,South Australia,0.0,0.0,1.0,0.0,0.0
707,2002,2.333952409,0.45375218150087276,0.5396578538102641,0.330161750713606,0.23757192473174019,0.6683270736674827,New South Wales,1.0,0.0,0.0,0.0,0.0
708,2002,1.783926067,0.8621291448516581,0.9027993779160186,0.775451950523311,0.16999637136488518,0.8436727261370164,Western Australia,0.0,0.0,0.0,0.0,1.0
709,2002,1.491396426,0.9493891797556722,0.9805598755832037,0.8715509039010464,0.28087709294489654,0.11709108953491598,Queensland,0.0,1.0,0.0,0.0,0.0
710,2002,2.405365952,0.592495636998255,0.6772939346811817,0.4633682207421502,0.0,0.38522114910277694,South Australia,0.0,0.0,1.0,0.0,0.0
712,2002,2.456353397,0.13612565445026187,0.1741835147744944,0.0856327307326355,0.37479653724534756,0.22029264624892408,Victoria,0.0,0.0,0.0,1.0,0.0
714,2003,0.833077334,0.42931937172774876,0.4642301710730947,0.36822074215033296,0.39363433725571506,0.5807997383491359,New South Wales,1.0,0.0,0.0,0.0,0.0
715,2003,0.718540641,0.12390924956369981,0.13063763608087087,0.11132254995242613,0.5478305945777824,0.24017640482634106,Victoria,0.0,0.0,0.0,1.0,0.0
716,2003,0.907844853,0.8542757417102969,0.867807153965785,0.803044719314938,0.22719402830335392,0.8645846205238022,Western Australia,0.0,0.0,0.0,0.0,1.0
718,2003,1.168157076,0.9572425828970333,0.9362363919129082,0.9419600380589914,0.41437976258358816,0.09963217956450107,Queensland,0.0,1.0,0.0,0.0,0.0
719,2003,1.058931766,0.5898778359511344,0.6360808709175738,0.5099904852521407,0.1101549945570473,0.37938211365711594,South Australia,0.0,0.0,1.0,0.0,0.0
721,2004,1.405217171,0.9336823734729496,0.9276827371695178,0.9029495718363463,0.5438909335959774,0.15303704528511466,Queensland,0.0,1.0,0.0,0.0,0.0
722,2004,1.781270732,0.5951134380453755,0.6430793157076204,0.5109419600380589,0.07740397076356853,0.37996407732279647,South Australia,0.0,0.0,1.0,0.0,0.0
724,2004,2.232117513,0.11169284467713797,0.12674961119751155,0.08848715509038996,0.5274791353480898,0.2732125422481373,Victoria,0.0,0.0,0.0,1.0,0.0
725,2004,2.251372788,0.8394415357766143,0.8514774494556764,0.7906755470980017,0.2670675444507801,0.9536832577394864,Western Australia,0.0,0.0,0.0,0.0,1.0
727,2004,1.829643019,0.43193717277486926,0.4922239502332813,0.34062797335870587,0.4122025815146959,0.7725761649797157,New South Wales,1.0,0.0,0.0,0.0,0.0
728,2005,1.324171382,0.6186736474694592,0.6780715396578536,0.5195052331113225,0.08431911253952623,0.3837856387274317,South Australia,0.0,0.0,1.0,0.0,0.0
730,2005,1.646132208,0.9834205933682376,0.9611197511664074,0.9695528068506183,0.3560831475817739,0.13777019845542962,Queensland,0.0,1.0,0.0,0.0,0.0
731,2005,1.45222306,0.14485165794066318,0.16562986003110408,0.11512844909609893,0.5579493027836815,0.2572667378084917,Victoria,0.0,0.0,0.0,1.0,0.0
732,2005,1.770880812,0.46073298429319376,0.5124416796267496,0.37963843958135096,0.394080140998393,0.8255154597677848,New South Wales,1.0,0.0,0.0,0.0,0.0
734,2005,1.683938026,0.878708551483421,0.8934681181959563,0.8239771646051377,0.17393603234669017,0.9927330197066476,Western Australia,0.0,0.0,0.0,0.0,1.0
735,2006,1.912197277,0.8150087260034906,0.8437013996889577,0.7459562321598475,0.31239438079933646,0.9218110476490511,Western Australia,0.0,0.0,0.0,0.0,1.0
736,2006,1.564435308,0.9240837696335081,0.8989113530326592,0.9162702188392005,0.4830853766004872,0.1508255833555288,Queensland,0.0,1.0,0.0,0.0,0.0
737,2006,1.893360853,0.5959860383944154,0.65552099533437,0.4985727878211226,0.0268415323207713,0.3945907641202329,South Australia,0.0,0.0,1.0,0.0,0.0
738,2006,2.212764339,0.12390924956369981,0.1734059097978224,0.05899143672692675,0.27727956041677465,0.25486128799034563,Victoria,0.0,0.0,0.0,1.0,0.0
741,2006,2.264708365,0.44415357766143126,0.5194401244167962,0.3339676498572786,0.24371986936913587,0.6892971644208366,New South Wales,1.0,0.0,0.0,0.0,0.0
742,2007,1.217398119,0.9083769633507857,0.8810264385692066,0.9048525214081826,0.5816287387901093,0.12360908259053754,Queensland,0.0,1.0,0.0,0.0,0.0
743,2007,0.652638611,0.1788830715532287,0.19129082426127503,0.15604186489058036,0.5045461614224249,0.26120469194626306,Victoria,0.0,0.0,0.0,1.0,0.0
746,2007,0.714083097,0.46335078534031426,0.4961119751166406,0.4043767840152234,0.43207713441501217,0.6973864593737955,New South Wales,1.0,0.0,0.0,0.0,0.0
747,2007,1.271810751,0.835078534031414,0.8701399688958007,0.7583254043767839,0.19403867088279508,0.7829739158065405,Western Australia,0.0,0.0,0.0,0.0,1.0
748,2007,0.665592635,0.6204188481675394,0.6734059097978224,0.5299714557564223,0.09713337825929191,0.4212834975861117,South Australia,0.0,0.0,1.0,0.0,0.0
750,2008,1.426072657,0.8856893542757418,0.8709175738724726,0.8667935299714554,0.5508786480742316,0.12960330834704664,Queensland,0.0,1.0,0.0,0.0,0.0
752,2008,0.617900172,0.3926701570680631,0.43701399688957987,0.3225499524262606,0.44084806386397796,0.7775228561379999,New South Wales,1.0,0.0,0.0,0.0,0.0
753,2008,1.366821662,0.8219895287958117,0.8514774494556764,0.7516650808753567,0.2452646311751594,0.8258840367560492,Western Australia,0.0,0.0,0.0,0.0,1.0
754,2008,1.082610336,0.573298429319372,0.6251944012441678,0.4852521408182683,0.0580477943082266,0.41125432374755116,South Australia,0.0,0.0,1.0,0.0,0.0
755,2008,1.317899604,0.1125654450261781,0.13141524105754254,0.08658420551855367,0.4111865636825463,0.29354247296924263,Victoria,0.0,0.0,0.0,1.0,0.0
757,2009,1.821704573,0.8507853403141363,0.8825816485225504,0.7773549000951472,0.1890207868954435,0.8809184007405682,Western Australia,0.0,0.0,0.0,0.0,1.0
758,2009,1.976664379,0.9153577661431066,0.9144634525660962,0.8782112274024736,0.6255455912083354,0.1976930572316648,Queensland,0.0,1.0,0.0,0.0,0.0
759,2009,1.129378773,0.6282722513089007,0.6702954898911351,0.5509039010466221,0.0889845005442953,0.40797592843088437,South Australia,0.0,0.0,1.0,0.0,0.0
760,2009,1.611054556,0.46771378708551503,0.5116640746500776,0.39486203615604176,0.37696335078534027,0.8382992616238998,New South Wales,1.0,0.0,0.0,0.0,0.0
762,2009,1.14482264,0.16055846422338588,0.18584758942457202,0.12369172216936247,0.4380280960033176,0.2973446355850219,Victoria,0.0,0.0,0.0,1.0,0.0
763,2010,1.343293326,0.3917975567190227,0.3934681181959563,0.3739295908658419,0.7163858794256389,0.7724209746688675,New South Wales,1.0,0.0,0.0,0.0,0.0
765,2010,1.399916814,0.8586387434554976,0.795489891135303,0.9000951474785917,0.9861282463324865,0.18640296211746316,Queensland,0.0,1.0,0.0,0.0,0.0
766,2010,1.662817167,0.11343804537521823,0.10342146189735596,0.12178877259752618,0.796039603960396,0.3492363957748662,Victoria,0.0,0.0,0.0,1.0,0.0
767,2010,1.620907329,0.8385689354275744,0.8522550544323482,0.7868696479543291,0.17561557202840705,0.970928781032485,Western Australia,0.0,0.0,0.0,0.0,1.0
769,2010,1.885271391,0.5209424083769635,0.5412130637636078,0.47478591817316823,0.2145974806904774,0.4115647043692474,South Australia,0.0,0.0,1.0,0.0,0.0
770,2011,2.541527813,0.5715532286212918,0.6049766718506996,0.506184586108468,0.1566015240267482,0.4538928616530756,South Australia,0.0,0.0,1.0,0.0,0.0
771,2011,2.749469159,0.40924956369982546,0.44634525660964214,0.34823977164605124,0.5063086413353377,0.7398504081796158,New South Wales,1.0,0.0,0.0,0.0,0.0
773,2011,2.460766271,0.1343804537521816,0.12441679626749591,0.14176974310180773,0.6618734124721373,0.3476844926663849,Victoria,0.0,0.0,0.0,1.0,0.0
774,2011,1.682606295,0.8499127399650961,0.8460342146189734,0.819219790675547,0.6160593022653049,0.17550084278038186,Queensland,0.0,1.0,0.0,0.0,0.0
775,2011,1.078693825,0.8228621291448519,0.8273716951788488,0.7821122740247382,0.3291897776165051,0.8998516186640404,Western Australia,0.0,0.0,0.0,0.0,1.0
777,2012,2.142284524,0.8490401396160562,0.889580093312597,0.7649857278782111,0.21362293297392565,1.0,Western Australia,0.0,0.0,0.0,0.0,1.0
778,2012,1.978914206,0.8821989528795814,0.8950233281492999,0.8287345385347287,0.5620548442278783,0.1847542590525903,Queensland,0.0,1.0,0.0,0.0,0.0
779,2012,2.190315054,0.40750436300174525,0.4743390357698287,0.3092293054234061,0.4341195376082111,0.7502586343524229,New South Wales,1.0,0.0,0.0,0.0,0.0
782,2012,2.0118587,0.5741710296684119,0.6477449455676514,0.4595623215984775,0.05657560520449956,0.43613637426160934,South Australia,0.0,0.0,1.0,0.0,0.0
783,2012,2.362779363,0.1439790575916231,0.15707620528771377,0.1227402473834443,0.49953864496397277,0.32359682255598055,Victoria,0.0,0.0,0.0,1.0,0.0
785,2013,1.73639226,0.6596858638743457,0.7146189735614306,0.566127497621313,0.07974703229485253,0.4108545147092286,South Australia,0.0,0.0,1.0,0.0,0.0
786,2013,2.11182561,0.486910994764398,0.5552099533437012,0.38344433872502376,0.40409517391529726,0.6763674836725244,New South Wales,1.0,0.0,0.0,0.0,0.0
788,2013,2.150146176,0.1954624781849913,0.2091757387247276,0.1712654614652711,0.53232077134415,0.30865839722162786,Victoria,0.0,0.0,0.0,1.0,0.0
789,2013,1.863865494,0.9877835951134384,0.9891135303265939,0.945765937202664,0.40092271007205427,0.16782338411483616,Queensland,0.0,1.0,0.0,0.0,0.0
790,2013,1.373755935,0.9031413612565447,0.9191290824261272,0.8449096098953376,0.24343994608884967,0.952171898099714,Western Australia,0.0,0.0,0.0,0.0,1.0
792,2014,2.207910839,0.6518324607329844,0.7045101088646966,0.5604186489058038,0.09000051837644502,0.37363037276130706,South Australia,0.0,0.0,1.0,0.0,0.0
794,2014,2.211129183,0.2059336823734731,0.2223950233281492,0.17602283539486208,0.4608366595821886,0.2977749007218483,Victoria,0.0,0.0,0.0,1.0,0.0
795,2014,2.01738981,0.5000000000000002,0.5544323483670294,0.4138915318744053,0.3805919859001607,0.6340660967173175,New South Wales,1.0,0.0,0.0,0.0,0.0
796,2014,1.367429465,0.9712041884816756,0.9603421461897355,0.9438629876308277,0.4734124721372661,0.1468788997627722,Queensland,0.0,1.0,0.0,0.0,0.0
797,2014,1.950567666,0.8944153577661433,0.9230171073094865,0.8211227402473833,0.24686123062568033,0.992071714994546,Western Australia,0.0,0.0,0.0,0.0,1.0
798,2015,2.101575502,0.4520069808027925,0.493779160186625,0.38344433872502376,0.449536053081748,0.6140180303982901,New South Wales,1.0,0.0,0.0,0.0,0.0
801,2015,2.250399387,0.5942408376963352,0.6461897356143078,0.506184586108468,0.08055569954901254,0.39655178768568766,South Australia,0.0,0.0,1.0,0.0,0.0
802,2015,1.762830309,0.15532286212914498,0.17029548989113508,0.13225499524262602,0.44362656160904046,0.28940218946370305,Victoria,0.0,0.0,0.0,1.0,0.0
803,2015,1.751523481,0.8961605584642236,0.9097978227060652,0.8420551855375831,0.2001658804623918,0.9771817866323335,Western Australia,0.0,0.0,0.0,0.0,1.0
804,2015,1.557762491,0.9642233856893546,0.952566096423017,0.9372026641294005,0.4647970556217925,0.12273768899512527,Queensland,0.0,1.0,0.0,0.0,0.0
805,2016,2.153374364,0.9886561954624784,0.9455676516329701,0.9999999999999999,0.5054481364366803,0.11838945047304916,Queensland,0.0,1.0,0.0,0.0,0.0
806,2016,2.351904583,0.48865619546247824,0.5093312597200619,0.4424357754519504,0.5046187341247214,0.5687610439729807,New South Wales,1.0,0.0,0.0,0.0,0.0
809,2016,1.843807987,0.8664921465968589,0.869362363919129,0.825880114176974,0.2393447721735524,0.8952465401775106,Western Australia,0.0,0.0,0.0,0.0,1.0
810,2016,2.07907668,0.5933682373472953,0.6283048211508552,0.5261655566127497,0.179959566637292,0.343145176074077,South Australia,0.0,0.0,1.0,0.0,0.0
811,2016,1.352852602,0.18673647469458993,0.17107309486780703,0.19980970504281637,0.6660929967342284,0.2600818900472768,Victoria,0.0,0.0,0.0,1.0,0.0
812,2017,3.022739999,0.5000000000000002,0.5645412130637634,0.4005708848715508,0.36480223938624223,0.6299983646820995,New South Wales,1.0,0.0,0.0,0.0,0.0
813,2017,3.207837183,0.18673647469458993,0.20684292379471197,0.1550903901046622,0.5178477010004665,0.2819412212817905,Victoria,0.0,0.0,0.0,1.0,0.0
814,2017,2.413383543,1.0,0.9999999999999999,0.9581351094196001,0.49110984396869,0.12054349198762124,Queensland,0.0,1.0,0.0,0.0,0.0
815,2017,2.815328784,0.6273996509598604,0.6897356143079313,0.5252140818268315,0.11656212741693017,0.4223998978847755,South Australia,0.0,0.0,1.0,0.0,0.0
816,2017,2.06185271,0.8664921465968589,0.8934681181959563,0.7973358705994289,0.23657664195738942,0.9072763111107921,Western Australia,0.0,0.0,0.0,0.0,1.0
819,2018,2.050781199,0.6335078534031414,0.6998444790046656,0.5261655566127497,0.07806749261313567,0.3831280197852127,South Australia,0.0,0.0,1.0,0.0,0.0
820,2018,2.544996416,0.19982547993019206,0.22395023328149288,0.16175071360608945,0.43262661344668496,0.28050512894277957,Victoria,0.0,0.0,0.0,1.0,0.0
821,2018,1.683521058,0.4947643979057592,0.5653188180404354,0.3882017126546145,0.2882173034057332,0.541741440914878,New South Wales,1.0,0.0,0.0,0.0,0.0
823,2018,1.897796515,0.8734729493891799,0.9082426127527216,0.7944814462416745,0.23825618163910628,0.7867710347372172,Western Australia,0.0,0.0,0.0,0.0,1.0
824,2018,1.197475238,0.9799301919720771,0.9875583203732503,0.9295908658420549,0.4883313462236276,0.12383973419003558,Queensland,0.0,1.0,0.0,0.0,0.0
826,2019,1.622822756,0.19022687609075062,0.21850699844478988,0.14843006660323493,0.4043336270799855,0.2719832409983315,Victoria,0.0,0.0,0.0,1.0,0.0
828,2019,2.283992493,0.9354275741710298,0.9852255054432346,0.835394862036156,0.12269970452542636,0.8474166923862276,Western Australia,0.0,0.0,0.0,0.0,1.0
829,2019,0.999947581,0.9746945898778361,0.9751166407465006,0.9343482397716458,0.46377067026074326,0.0812609445541877,Queensland,0.0,1.0,0.0,0.0,0.0
830,2019,0.776814236,0.5061082024432813,0.5746500777604974,0.4005708848715508,0.23155875797003783,0.4619148428087041,New South Wales,1.0,0.0,0.0,0.0,0.0
832,2019,1.661078888,0.6448516579406635,0.7278382581648521,0.5176022835394861,0.022528640298584812,0.35306164294938414,South Australia,0.0,0.0,1.0,0.0,0.0
833,2020,0.947897625,0.9895287958115186,0.9696734059097977,0.973358705994291,0.5363226374993519,0.08548600076702811,Queensland,0.0,1.0,0.0,0.0,0.0
835,2020,1.413645868,0.9101221640488659,0.9315707620528768,0.846812559467174,0.20715359494064586,0.8015403026327454,Western Australia,0.0,0.0,0.0,0.0,1.0
836,2020,2.59949946,0.14921465968586395,0.1469673405909795,0.14747859181731682,0.6093100409517391,0.27702576217356445,Victoria,0.0,0.0,0.0,1.0,0.0
837,2020,0.831309427,0.46684118673647473,0.49300155520995326,0.4148430066603235,0.5328495153180239,0.41343009190564195,New South Wales,1.0,0.0,0.0,0.0,0.0
838,2020,1.562558435,0.5916230366492147,0.6376360808709175,0.5099904852521407,0.11970348867347469,0.333686908591549,South Australia,0.0,0.0,1.0,0.0,0.0
840,2021,2.004029161,0.8560209424083771,0.8763608087091757,0.7944814462416745,0.20878129697786535,0.8509693865773185,Western Australia,0.0,0.0,0.0,0.0,1.0
842,2021,3.213313794,0.4066317626527053,0.4471228615863141,0.34157944814462404,0.594909543310352,0.7829741097944292,New South Wales,1.0,0.0,0.0,0.0,0.0
843,2021,3.201451513,0.1291448516579407,0.1290824261275269,0.12464319695528064,0.6464568969986003,0.2740315591136383,Victoria,0.0,0.0,0.0,1.0,0.0
844,2021,1.650076801,0.9598603839441538,0.9409020217729391,0.9429115128449094,0.5423150692032553,0.18726271643956183,Queensland,0.0,1.0,0.0,0.0,0.0
845,2021,2.174911181,0.5575916230366496,0.608087091757387,0.47288296860133194,0.09927945674148564,0.35503178394560114,South Australia,0.0,0.0,1.0,0.0,0.0
